{
  "flood": {
    "accuracy": 1.0,
    "f1_score": 1.0,
    "roc_auc": 1.0,
    "train_samples": 4264,
    "test_samples": 1066,
    "positive_rate": 0.03977485928705441,
    "cv_f1_mean": 0.9975903614457831,
    "cv_f1_std": 0.00481927710843375,
    "top_features": [
      [
        "precip",
        0.8914276014258811
      ],
      [
        "precip_sum3",
        0.10857239857409075
      ],
      [
        "aridity_index",
        8.74963999500578e-15
      ],
      [
        "temp_max_lag1",
        7.383000934384664e-15
      ],
      [
        "temp_max_roll7",
        3.0644835236857497e-15
      ],
      [
        "temp_max_roll14",
        2.6772174391232527e-15
      ],
      [
        "humidity_lag1",
        2.6575226088961144e-15
      ],
      [
        "et0_sum7",
        8.61763581436981e-16
      ],
      [
        "humidity_mean",
        8.46364016625639e-16
      ],
      [
        "temp_trend_7d",
        6.011477147835217e-16
      ]
    ]
  },
  "heat": {
    "accuracy": 1.0,
    "f1_score": 1.0,
    "roc_auc": 1.0,
    "train_samples": 4264,
    "test_samples": 1066,
    "positive_rate": 0.6339587242026267,
    "cv_f1_mean": 0.9998044965786901,
    "cv_f1_std": 0.00039100684261974547,
    "top_features": [
      [
        "temp_max",
        0.36581122544290906
      ],
      [
        "temp_mean",
        0.10750808798942278
      ],
      [
        "temp_min",
        0.10062705651188616
      ],
      [
        "temp_max_roll14",
        0.06245122580023933
      ],
      [
        "temp_max_roll3",
        0.06047110734834912
      ],
      [
        "temp_max_roll7",
        0.04304398906647857
      ],
      [
        "heat_index",
        0.0419183562354105
      ],
      [
        "temp_range",
        0.03304552349031349
      ],
      [
        "temp_min_roll7",
        0.025557188942041925
      ],
      [
        "et0_sum7",
        0.023418923716315754
      ]
    ]
  },
  "drought": {
    "accuracy": 1.0,
    "f1_score": 1.0,
    "roc_auc": 1.0,
    "train_samples": 4264,
    "test_samples": 1066,
    "positive_rate": 0.4151969981238274,
    "cv_f1_mean": 0.9996889580093313,
    "cv_f1_std": 0.0006220839813374735,
    "top_features": [
      [
        "precip_sum7",
        0.999999999999958
      ],
      [
        "et0",
        1.6465594975415645e-14
      ],
      [
        "aridity_index",
        5.355926787620644e-15
      ],
      [
        "temp_max",
        4.067638811734181e-15
      ],
      [
        "humidity_max",
        3.278580404330995e-15
      ],
      [
        "temp_mean",
        2.7739681180329043e-15
      ],
      [
        "temp_max_lag1",
        2.6600849917374515e-15
      ],
      [
        "humidity_roll14",
        2.5782386663023874e-15
      ],
      [
        "temp_max_roll7",
        2.2637004762611673e-15
      ],
      [
        "temp_max_lag7",
        5.64943998682922e-16
      ]
    ]
  }
}