date,location,temp_max,precip,dry_spell_days,flood_risk_binary,heat_risk_binary,drought_risk_binary
2025-01-27,Adidome,36.9,0.5,1,0,1,0
2025-01-28,Adidome,36.5,0.0,2,0,1,0
2025-01-29,Adidome,35.6,2.6,0,0,1,0
2025-01-30,Adidome,36.2,1.2,0,0,1,0
2025-01-31,Adidome,36.6,0.4,1,0,1,0
2025-02-01,Adidome,35.8,1.4,0,0,1,0
2025-02-02,Adidome,33.5,1.5,0,0,0,0
2025-02-03,Adidome,35.7,0.5,1,0,1,0
2025-02-04,Adidome,37.2,0.0,2,0,1,0
2025-02-05,Adidome,38.8,0.0,3,0,1,1
2025-02-06,Adidome,36.8,0.1,4,0,1,1
2025-02-07,Adidome,36.3,1.9,0,0,1,0
2025-02-08,Adidome,35.3,1.1,0,0,1,0
2025-02-09,Adidome,35.0,1.9,0,0,1,0
2025-02-10,Adidome,37.2,0.0,1,0,1,1
2025-02-11,Adidome,37.0,0.0,2,0,1,1
2025-02-12,Adidome,36.2,0.9,3,0,1,0
2025-02-13,Adidome,37.4,0.1,4,0,1,0
2025-02-14,Adidome,37.1,0.2,5,0,1,1
2025-02-15,Adidome,36.9,0.5,6,0,1,1
2025-02-16,Adidome,37.5,0.8,7,0,1,1
2025-02-17,Adidome,37.8,0.4,8,0,1,1
2025-02-18,Adidome,37.0,1.8,0,0,1,1
2025-02-19,Adidome,35.4,0.0,1,0,1,1
2025-02-20,Adidome,37.2,0.0,2,0,1,1
2025-02-21,Adidome,36.6,3.2,0,0,1,0
2025-02-22,Adidome,37.8,12.2,0,0,1,0
2025-02-23,Adidome,32.9,0.8,1,0,0,0
2025-02-24,Adidome,36.6,0.0,2,0,1,0
2025-02-25,Adidome,35.9,0.5,3,0,1,0
2025-02-26,Adidome,36.2,0.4,4,0,1,0
2025-02-27,Adidome,36.3,1.0,0,0,1,0
2025-02-28,Adidome,36.3,2.7,0,0,1,0
2025-03-01,Adidome,36.5,3.4,0,0,1,0
2025-03-02,Adidome,36.7,0.3,1,0,1,0
2025-03-03,Adidome,36.4,0.2,2,0,1,0
2025-03-04,Adidome,35.6,0.9,3,0,1,0
2025-03-05,Adidome,35.2,2.0,0,0,1,0
2025-03-06,Adidome,36.6,0.0,1,0,1,0
2025-03-07,Adidome,37.7,0.2,2,0,1,0
2025-03-08,Adidome,35.3,1.7,0,0,1,0
2025-03-09,Adidome,36.8,0.4,1,0,1,0
2025-03-10,Adidome,36.9,0.4,2,0,1,0
2025-03-11,Adidome,37.3,1.3,0,0,1,0
2025-03-12,Adidome,37.2,0.8,1,0,1,1
2025-03-13,Adidome,38.0,0.4,2,0,1,0
2025-03-14,Adidome,35.4,0.2,3,0,1,0
2025-03-15,Adidome,37.0,0.7,4,0,1,1
2025-03-16,Adidome,36.7,1.8,0,0,1,0
2025-03-17,Adidome,35.3,0.5,1,0,1,0
2025-03-18,Adidome,37.1,0.0,2,0,1,1
2025-03-19,Adidome,36.5,0.8,3,0,1,1
2025-03-20,Adidome,36.4,0.3,4,0,1,1
2025-03-21,Adidome,34.4,0.2,5,0,0,1
2025-03-22,Adidome,36.0,0.0,6,0,1,1
2025-03-23,Adidome,35.0,0.0,7,0,1,1
2025-03-24,Adidome,35.8,0.2,8,0,1,1
2025-03-25,Adidome,35.8,4.4,0,0,1,0
2025-03-26,Adidome,33.3,9.4,0,0,0,0
2025-03-27,Adidome,35.8,0.3,1,0,1,0
2025-03-28,Adidome,35.7,0.6,2,0,1,0
2025-03-29,Adidome,35.9,0.4,3,0,1,0
2025-03-30,Adidome,34.8,2.5,0,0,0,0
2025-03-31,Adidome,34.8,0.5,1,0,0,0
2025-04-01,Adidome,35.9,0.4,2,0,1,0
2025-04-02,Adidome,35.5,15.3,0,0,1,0
2025-04-03,Adidome,32.1,14.8,0,0,0,0
2025-04-04,Adidome,35.0,0.4,1,0,1,0
2025-04-05,Adidome,35.5,1.1,0,0,1,0
2025-04-06,Adidome,34.2,1.2,0,0,0,0
2025-04-07,Adidome,34.2,0.3,1,0,0,0
2025-04-08,Adidome,34.8,0.5,2,0,0,0
2025-04-09,Adidome,33.2,4.9,0,0,0,0
2025-04-10,Adidome,35.3,0.8,1,0,1,0
2025-04-11,Adidome,34.1,0.4,2,0,0,0
2025-04-12,Adidome,34.0,2.2,0,0,0,0
2025-04-13,Adidome,35.2,0.0,1,0,1,0
2025-04-14,Adidome,35.9,0.8,2,0,1,0
2025-04-15,Adidome,36.2,5.3,0,0,1,0
2025-04-16,Adidome,36.2,1.2,0,0,1,0
2025-04-17,Adidome,35.5,0.4,1,0,1,0
2025-04-18,Adidome,35.3,1.4,0,0,1,0
2025-04-19,Adidome,34.5,2.5,0,0,0,0
2025-04-20,Adidome,35.0,1.3,0,0,1,0
2025-04-21,Adidome,36.7,0.8,1,0,1,0
2025-04-22,Adidome,36.5,1.7,0,0,1,0
2025-04-23,Adidome,31.0,20.1,0,0,0,0
2025-04-24,Adidome,35.0,0.2,1,0,1,0
2025-04-25,Adidome,35.7,0.6,2,0,1,0
2025-04-26,Adidome,34.1,9.4,0,0,0,0
2025-04-27,Adidome,33.2,0.4,1,0,0,0
2025-04-28,Adidome,34.3,0.1,2,0,0,0
2025-04-29,Adidome,33.9,10.2,0,0,0,0
2025-04-30,Adidome,32.4,0.0,1,0,0,0
2025-05-01,Adidome,33.1,9.2,0,0,0,0
2025-05-02,Adidome,33.5,1.5,0,0,0,0
2025-05-03,Adidome,33.7,0.9,1,0,0,0
2025-05-04,Adidome,34.2,2.0,0,0,0,0
2025-05-05,Adidome,33.2,0.4,1,0,0,0
2025-05-06,Adidome,33.1,1.1,0,0,0,0
2025-05-07,Adidome,34.0,3.5,0,0,0,0
2025-05-08,Adidome,34.2,5.9,0,0,0,0
2025-05-09,Adidome,32.5,10.1,0,0,0,0
2025-05-10,Adidome,33.5,1.3,0,0,0,0
2025-05-11,Adidome,34.5,0.1,1,0,0,0
2025-05-12,Adidome,33.9,1.3,0,0,0,0
2025-05-13,Adidome,33.5,8.5,0,0,0,0
2025-05-14,Adidome,34.6,0.9,1,0,0,0
2025-05-15,Adidome,34.7,2.3,0,0,0,0
2025-05-16,Adidome,34.9,7.2,0,0,0,0
2025-05-17,Adidome,33.2,12.6,0,0,0,0
2025-05-18,Adidome,31.5,11.5,0,0,0,0
2025-05-19,Adidome,33.5,0.4,1,0,0,0
2025-05-20,Adidome,34.5,19.9,0,0,0,0
2025-05-21,Adidome,31.4,4.0,0,0,0,0
2025-05-22,Adidome,33.3,3.0,0,0,0,0
2025-05-23,Adidome,31.8,9.4,0,0,0,0
2025-05-24,Adidome,32.2,6.4,0,0,0,0
2025-05-25,Adidome,33.8,0.7,1,0,0,0
2025-05-26,Adidome,33.2,0.0,2,0,0,0
2025-05-27,Adidome,34.4,3.0,0,0,0,0
2025-05-28,Adidome,32.6,9.5,0,0,0,0
2025-05-29,Adidome,31.6,11.2,0,0,0,0
2025-05-30,Adidome,31.5,2.6,0,0,0,0
2025-05-31,Adidome,33.3,0.2,1,0,0,0
2025-06-01,Adidome,34.2,2.3,0,0,0,0
2025-06-02,Adidome,31.5,1.1,0,0,0,0
2025-06-03,Adidome,33.5,0.7,1,0,0,0
2025-06-04,Adidome,29.4,9.7,0,0,0,0
2025-06-05,Adidome,33.0,0.8,1,0,0,0
2025-06-06,Adidome,33.3,3.2,0,0,0,0
2025-06-07,Adidome,31.2,6.0,0,0,0,0
2025-06-08,Adidome,32.0,0.4,1,0,0,0
2025-06-09,Adidome,32.6,1.1,0,0,0,0
2025-06-10,Adidome,30.9,3.9,0,0,0,0
2025-06-11,Adidome,32.2,7.4,0,0,0,0
2025-06-12,Adidome,31.7,0.1,1,0,0,0
2025-06-13,Adidome,32.2,1.3,0,0,0,0
2025-06-14,Adidome,30.0,13.8,0,0,0,0
2025-06-15,Adidome,31.5,1.7,0,0,0,0
2025-06-16,Adidome,32.1,6.4,0,0,0,0
2025-06-17,Adidome,32.3,6.9,0,0,0,0
2025-06-18,Adidome,32.8,7.5,0,0,0,0
2025-06-19,Adidome,30.7,6.7,0,0,0,0
2025-06-20,Adidome,31.6,2.3,0,0,0,0
2025-06-21,Adidome,29.9,4.7,0,0,0,0
2025-06-22,Adidome,30.1,12.6,0,0,0,0
2025-06-23,Adidome,30.1,11.8,0,0,0,0
2025-06-24,Adidome,31.6,2.2,0,0,0,0
2025-06-25,Adidome,31.0,4.0,0,0,0,0
2025-06-26,Adidome,31.5,23.2,0,0,0,0
2025-06-27,Adidome,28.0,3.1,0,0,0,0
2025-06-28,Adidome,30.9,0.3,1,0,0,0
2025-06-29,Adidome,31.9,5.8,0,0,0,0
2025-06-30,Adidome,31.0,3.4,0,0,0,0
2025-07-01,Adidome,31.9,1.3,0,0,0,0
2025-07-02,Adidome,32.3,0.1,1,0,0,0
2025-07-03,Adidome,31.4,1.3,0,0,0,0
2025-07-04,Adidome,29.4,2.3,0,0,0,0
2025-07-05,Adidome,30.5,1.2,0,0,0,0
2025-07-06,Adidome,31.2,1.5,0,0,0,0
2025-07-07,Adidome,31.6,3.0,0,0,0,0
2025-07-08,Adidome,28.5,10.3,0,0,0,0
2025-07-09,Adidome,27.9,9.3,0,0,0,0
2025-07-10,Adidome,31.0,0.4,1,0,0,0
2025-07-11,Adidome,31.4,0.9,2,0,0,0
2025-07-12,Adidome,30.3,1.1,0,0,0,0
2025-07-13,Adidome,28.6,0.0,1,0,0,0
2025-07-14,Adidome,30.9,0.0,2,0,0,0
2025-07-15,Adidome,31.5,0.0,3,0,0,0
2025-07-16,Adidome,31.2,1.2,0,0,0,1
2025-07-17,Adidome,29.6,0.8,1,0,0,1
2025-07-18,Adidome,28.4,0.0,2,0,0,1
2025-07-19,Adidome,31.0,0.0,3,0,0,1
2025-07-20,Adidome,28.9,2.8,0,0,0,1
2025-07-21,Adidome,29.5,1.4,0,0,0,0
2025-07-22,Adidome,29.5,0.2,1,0,0,0
2025-07-23,Adidome,29.8,1.3,0,0,0,0
2025-07-24,Adidome,30.1,0.5,1,0,0,0
2025-07-25,Adidome,30.5,0.4,2,0,0,0
2025-07-26,Adidome,29.8,0.8,3,0,0,0
2025-07-27,Adidome,30.9,2.2,0,0,0,0
2025-07-28,Adidome,29.7,0.1,1,0,0,0
2025-07-29,Adidome,30.8,0.2,2,0,0,0
2025-07-30,Adidome,29.4,0.5,3,0,0,1
2025-07-31,Adidome,29.5,0.3,4,0,0,1
2025-08-01,Adidome,29.5,2.8,0,0,0,0
2025-08-02,Adidome,31.8,0.2,1,0,0,0
2025-08-03,Adidome,31.9,2.0,0,0,0,0
2025-08-04,Adidome,29.7,4.2,0,0,0,0
2025-08-05,Adidome,29.0,2.5,0,0,0,0
2025-08-06,Adidome,27.6,2.2,0,0,0,0
2025-08-07,Adidome,28.6,3.8,0,0,0,0
2025-08-08,Adidome,30.2,7.0,0,0,0,0
2025-08-09,Adidome,28.0,1.7,0,0,0,0
2025-08-10,Adidome,29.5,2.2,0,0,0,0
2025-08-11,Adidome,29.0,3.2,0,0,0,0
2025-08-12,Adidome,28.7,0.9,1,0,0,0
2025-08-13,Adidome,28.2,1.3,0,0,0,0
2025-08-14,Adidome,28.6,1.0,0,0,0,0
2025-08-15,Adidome,29.8,0.6,1,0,0,0
2025-08-16,Adidome,28.5,6.0,0,0,0,0
2025-08-17,Adidome,28.8,3.3,0,0,0,0
2025-08-18,Adidome,28.3,2.8,0,0,0,0
2025-08-19,Adidome,29.0,1.1,0,0,0,0
2025-08-20,Adidome,30.1,0.6,1,0,0,0
2025-08-21,Adidome,30.8,1.1,0,0,0,0
2025-08-22,Adidome,29.5,2.7,0,0,0,0
2025-08-23,Adidome,29.5,0.7,1,0,0,0
2025-08-24,Adidome,29.6,0.3,2,0,0,0
2025-08-25,Adidome,30.2,0.0,3,0,0,0
2025-08-26,Adidome,30.2,1.9,0,0,0,0
2025-08-27,Adidome,28.6,2.4,0,0,0,0
2025-08-28,Adidome,31.0,0.5,1,0,0,0
2025-08-29,Adidome,29.8,1.8,0,0,0,0
2025-08-30,Adidome,29.6,1.0,0,0,0,0
2025-08-31,Adidome,30.0,1.1,0,0,0,0
2025-09-01,Adidome,30.5,0.8,1,0,0,0
2025-09-02,Adidome,32.2,0.1,2,0,0,0
2025-09-03,Adidome,30.2,1.8,0,0,0,0
2025-09-04,Adidome,30.4,0.1,1,0,0,0
2025-09-05,Adidome,31.6,0.6,2,0,0,0
2025-09-06,Adidome,33.1,0.6,3,0,0,0
2025-09-07,Adidome,31.1,3.0,0,0,0,0
2025-09-08,Adidome,31.2,1.4,0,0,0,0
2025-09-09,Adidome,31.2,5.4,0,0,0,0
2025-09-10,Adidome,30.7,2.8,0,0,0,0
2025-09-11,Adidome,31.5,1.6,0,0,0,0
2025-09-12,Adidome,29.5,18.7,0,0,0,0
2025-09-13,Adidome,28.6,6.5,0,0,0,0
2025-09-14,Adidome,31.4,1.7,0,0,0,0
2025-09-15,Adidome,29.5,1.8,0,0,0,0
2025-09-16,Adidome,28.8,3.2,0,0,0,0
2025-09-17,Adidome,29.9,1.7,0,0,0,0
2025-09-18,Adidome,31.2,3.4,0,0,0,0
2025-09-19,Adidome,30.7,6.9,0,0,0,0
2025-09-20,Adidome,31.8,1.4,0,0,0,0
2025-09-21,Adidome,30.6,2.2,0,0,0,0
2025-09-22,Adidome,31.0,12.4,0,0,0,0
2025-09-23,Adidome,31.4,5.6,0,0,0,0
2025-09-24,Adidome,29.2,5.3,0,0,0,0
2025-09-25,Adidome,31.0,2.4,0,0,0,0
2025-09-26,Adidome,29.9,1.4,0,0,0,0
2025-09-27,Adidome,30.4,2.7,0,0,0,0
2025-09-28,Adidome,32.0,2.1,0,0,0,0
2025-09-29,Adidome,29.6,4.0,0,0,0,0
2025-09-30,Adidome,31.1,11.0,0,0,0,0
2025-10-01,Adidome,31.2,18.4,0,0,0,0
2025-10-02,Adidome,30.1,3.7,0,0,0,0
2025-10-03,Adidome,31.9,0.5,1,0,0,0
2025-10-04,Adidome,31.2,1.6,0,0,0,0
2025-10-05,Adidome,32.0,14.5,0,0,0,0
2025-10-06,Adidome,30.0,6.3,0,0,0,0
2025-10-07,Adidome,29.9,6.5,0,0,0,0
2025-10-08,Adidome,28.3,1.9,0,0,0,0
2025-10-09,Adidome,30.8,1.5,0,0,0,0
2025-10-10,Adidome,32.0,10.1,0,0,0,0
2025-10-11,Adidome,30.1,15.9,0,0,0,0
2025-10-12,Adidome,31.0,25.3,0,0,0,0
2025-10-13,Adidome,31.4,0.9,1,0,0,0
2025-10-14,Adidome,32.5,2.0,0,0,0,0
2025-10-15,Adidome,29.9,9.3,0,0,0,0
2025-10-16,Adidome,31.9,3.3,0,0,0,0
2025-10-17,Adidome,31.2,0.3,1,0,0,0
2025-10-18,Adidome,31.8,1.4,0,0,0,0
2025-10-19,Adidome,31.8,10.7,0,0,0,0
2025-10-20,Adidome,32.2,0.0,1,0,0,0
2025-10-21,Adidome,33.5,0.0,2,0,0,0
2025-10-22,Adidome,33.8,0.5,3,0,0,0
2025-10-23,Adidome,34.0,4.3,0,0,0,0
2025-10-24,Adidome,33.3,6.1,0,0,0,0
2025-10-25,Adidome,33.4,0.3,1,0,0,0
2025-10-26,Adidome,34.2,2.8,0,0,0,0
2025-10-27,Adidome,33.0,0.3,1,0,0,0
2025-10-28,Adidome,34.0,0.4,2,0,0,0
2025-10-29,Adidome,32.3,3.3,0,0,0,0
2025-10-30,Adidome,32.2,2.1,0,0,0,0
2025-10-31,Adidome,32.8,1.0,0,0,0,0
2025-11-01,Adidome,32.5,0.1,1,0,0,0
2025-11-02,Adidome,33.9,0.1,2,0,0,0
2025-11-03,Adidome,32.7,2.3,0,0,0,0
2025-11-04,Adidome,33.3,3.1,0,0,0,0
2025-11-05,Adidome,34.0,15.7,0,0,0,0
2025-11-06,Adidome,32.2,9.5,0,0,0,0
2025-11-07,Adidome,29.6,0.8,1,0,0,0
2025-11-08,Adidome,33.3,0.5,2,0,0,0
2025-11-09,Adidome,33.3,0.5,3,0,0,0
2025-11-10,Adidome,33.3,0.4,4,0,0,0
2025-11-11,Adidome,33.8,1.5,0,0,0,0
2025-11-12,Adidome,33.1,0.7,1,0,0,0
2025-11-13,Adidome,32.5,0.3,2,0,0,1
2025-11-14,Adidome,32.9,0.8,3,0,0,1
2025-11-15,Adidome,33.3,0.3,4,0,0,1
2025-11-16,Adidome,32.6,9.5,0,0,0,0
2025-11-17,Adidome,32.2,0.3,1,0,0,0
2025-11-18,Adidome,32.0,2.1,0,0,0,0
2025-11-19,Adidome,34.0,0.6,1,0,0,0
2025-11-20,Adidome,34.0,0.3,2,0,0,0
2025-11-21,Adidome,34.3,0.3,3,0,0,0
2025-11-22,Adidome,33.2,0.6,4,0,0,0
2025-11-23,Adidome,32.6,0.7,5,0,0,1
2025-11-24,Adidome,34.0,0.1,6,0,0,1
2025-11-25,Adidome,34.0,0.0,7,0,0,1
2025-11-26,Adidome,34.2,0.6,8,0,0,1
2025-11-27,Adidome,34.4,11.0,0,0,0,0
2025-11-28,Adidome,32.8,1.4,0,0,0,0
2025-11-29,Adidome,32.2,0.3,1,0,0,0
2025-11-30,Adidome,33.2,0.4,2,0,0,0
2025-12-01,Adidome,33.5,0.9,3,0,0,0
2025-12-02,Adidome,35.2,2.9,0,0,1,0
2025-12-03,Adidome,35.1,0.7,1,0,1,0
2025-12-04,Adidome,33.0,1.6,0,0,0,0
2025-12-05,Adidome,33.2,6.6,0,0,0,0
2025-12-06,Adidome,34.3,0.1,1,0,0,0
2025-12-07,Adidome,35.0,0.3,2,0,1,0
2025-12-08,Adidome,33.4,10.8,0,0,0,0
2025-12-09,Adidome,32.3,2.0,0,0,0,0
2025-12-10,Adidome,32.8,0.8,1,0,0,0
2025-12-11,Adidome,33.2,4.5,0,0,0,0
2025-12-12,Adidome,33.3,0.5,1,0,0,0
2025-12-13,Adidome,33.3,0.6,2,0,0,0
2025-12-14,Adidome,32.6,0.3,3,0,0,0
2025-12-15,Adidome,32.3,0.1,4,0,0,0
2025-12-16,Adidome,34.8,0.0,5,0,0,0
2025-12-17,Adidome,33.8,0.0,6,0,0,0
2025-12-18,Adidome,34.1,0.2,7,0,0,1
2025-12-19,Adidome,33.8,2.9,0,0,0,1
2025-12-20,Adidome,34.5,1.1,0,0,0,1
2025-12-21,Adidome,34.5,0.3,1,0,0,1
2025-12-22,Adidome,35.3,0.0,2,0,1,1
2025-12-23,Adidome,34.0,0.0,3,0,0,1
2025-12-24,Adidome,33.0,0.0,4,0,0,1
2025-12-25,Adidome,33.8,0.1,5,0,0,1
2025-12-26,Adidome,31.8,9.5,0,0,0,0
2025-12-27,Adidome,33.0,4.3,0,0,0,0
2025-12-28,Adidome,34.2,0.1,1,0,0,0
2025-12-29,Adidome,33.7,0.4,2,0,0,0
2025-12-30,Adidome,34.2,0.9,3,0,0,0
2025-12-31,Adidome,34.0,1.2,0,0,0,0
2026-01-01,Adidome,34.6,3.1,0,0,0,0
2026-01-02,Adidome,33.5,1.7,0,0,0,0
2026-01-03,Adidome,33.8,0.8,1,0,0,0
2026-01-04,Adidome,33.8,0.0,2,0,0,0
2026-01-05,Adidome,35.5,0.0,3,0,1,0
2026-01-06,Adidome,35.2,0.1,4,0,1,0
2026-01-07,Adidome,34.1,0.2,5,0,0,0
2026-01-08,Adidome,33.8,1.8,0,0,0,1
2026-01-09,Adidome,32.0,0.0,1,0,0,1
2026-01-10,Adidome,34.3,0.0,2,0,0,1
2026-01-11,Adidome,34.8,0.1,3,0,0,1
2026-01-12,Adidome,35.0,0.5,4,0,1,1
2026-01-13,Adidome,35.2,0.2,5,0,1,1
2026-01-14,Adidome,35.2,0.0,6,0,1,1
2026-01-15,Adidome,36.0,0.0,7,0,1,1
2026-01-16,Adidome,35.5,0.0,8,0,1,1
2026-01-17,Adidome,34.0,0.6,9,0,0,1
2026-01-18,Adidome,34.8,3.5,0,0,0,1
2026-01-19,Adidome,35.5,0.2,1,0,1,1
2026-01-20,Adidome,34.4,0.0,2,0,0,1
2026-01-21,Adidome,34.3,0.5,3,0,0,1
2026-01-22,Adidome,35.1,0.8,4,0,1,0
2026-01-23,Adidome,36.0,0.0,5,0,1,0
2026-01-24,Adidome,35.2,0.0,6,0,1,0
2026-01-25,Adidome,36.2,0.0,7,0,1,1
2026-01-26,Adidome,35.7,0.0,8,0,1,1
2026-01-27,Adidome,35.5,0.0,9,0,1,1
2025-01-27,Battor,35.7,0.1,1,0,1,0
2025-01-28,Battor,35.1,0.0,2,0,1,0
2025-01-29,Battor,32.8,1.2,0,0,0,0
2025-01-30,Battor,35.3,1.1,0,0,1,0
2025-01-31,Battor,35.0,1.1,0,0,1,0
2025-02-01,Battor,34.1,0.9,1,0,0,0
2025-02-02,Battor,32.6,1.6,0,0,0,0
2025-02-03,Battor,34.7,0.1,1,0,0,0
2025-02-04,Battor,37.2,0.0,2,0,1,0
2025-02-05,Battor,37.7,0.0,3,0,1,1
2025-02-06,Battor,35.6,0.2,4,0,1,1
2025-02-07,Battor,35.6,1.9,0,0,1,1
2025-02-08,Battor,34.3,1.4,0,0,0,0
2025-02-09,Battor,35.1,0.2,1,0,1,1
2025-02-10,Battor,36.7,0.0,2,0,1,1
2025-02-11,Battor,36.0,0.0,3,0,1,1
2025-02-12,Battor,35.8,0.5,4,0,1,1
2025-02-13,Battor,36.5,0.1,5,0,1,1
2025-02-14,Battor,36.1,0.0,6,0,1,1
2025-02-15,Battor,36.0,0.5,7,0,1,1
2025-02-16,Battor,36.3,0.8,8,0,1,1
2025-02-17,Battor,37.2,0.0,9,0,1,1
2025-02-18,Battor,36.2,0.7,10,0,1,1
2025-02-19,Battor,35.0,0.0,11,0,1,1
2025-02-20,Battor,36.6,1.1,0,0,1,1
2025-02-21,Battor,35.6,0.1,1,0,1,1
2025-02-22,Battor,35.7,12.9,0,0,1,0
2025-02-23,Battor,33.0,0.6,1,0,0,0
2025-02-24,Battor,36.5,0.3,2,0,1,0
2025-02-25,Battor,36.6,0.1,3,0,1,0
2025-02-26,Battor,36.2,0.1,4,0,1,0
2025-02-27,Battor,36.2,0.3,5,0,1,0
2025-02-28,Battor,35.2,1.3,0,0,1,0
2025-03-01,Battor,35.8,1.2,0,0,1,1
2025-03-02,Battor,36.5,1.5,0,0,1,1
2025-03-03,Battor,35.2,0.8,1,0,1,0
2025-03-04,Battor,35.7,1.3,0,0,1,0
2025-03-05,Battor,34.0,2.0,0,0,0,0
2025-03-06,Battor,36.8,0.2,1,0,1,0
2025-03-07,Battor,37.3,1.1,0,0,1,0
2025-03-08,Battor,35.7,1.1,0,0,1,0
2025-03-09,Battor,36.5,0.6,1,0,1,0
2025-03-10,Battor,35.2,0.3,2,0,1,0
2025-03-11,Battor,36.8,0.6,3,0,1,0
2025-03-12,Battor,37.8,0.3,4,0,1,1
2025-03-13,Battor,37.3,1.7,0,0,1,0
2025-03-14,Battor,34.7,0.1,1,0,0,1
2025-03-15,Battor,36.5,0.6,2,0,1,1
2025-03-16,Battor,35.8,0.5,3,0,1,1
2025-03-17,Battor,34.9,0.6,4,0,0,1
2025-03-18,Battor,36.3,0.5,5,0,1,1
2025-03-19,Battor,36.4,0.9,6,0,1,1
2025-03-20,Battor,36.0,0.2,7,0,1,1
2025-03-21,Battor,33.5,0.1,8,0,0,1
2025-03-22,Battor,35.7,0.0,9,0,1,1
2025-03-23,Battor,35.0,0.0,10,0,1,1
2025-03-24,Battor,35.8,0.2,11,0,1,1
2025-03-25,Battor,35.7,3.1,0,0,1,1
2025-03-26,Battor,33.8,2.7,0,0,0,0
2025-03-27,Battor,36.0,0.1,1,0,1,0
2025-03-28,Battor,35.2,2.1,0,0,1,0
2025-03-29,Battor,35.7,0.5,1,0,1,0
2025-03-30,Battor,34.7,5.4,0,0,0,0
2025-03-31,Battor,34.9,1.2,0,0,0,0
2025-04-01,Battor,35.1,1.2,0,0,1,0
2025-04-02,Battor,34.7,12.1,0,0,0,0
2025-04-03,Battor,33.0,7.5,0,0,0,0
2025-04-04,Battor,35.2,0.4,1,0,1,0
2025-04-05,Battor,35.2,1.2,0,0,1,0
2025-04-06,Battor,34.9,1.6,0,0,0,0
2025-04-07,Battor,34.5,0.3,1,0,0,0
2025-04-08,Battor,34.9,0.8,2,0,0,0
2025-04-09,Battor,34.0,3.6,0,0,0,0
2025-04-10,Battor,35.2,0.2,1,0,1,0
2025-04-11,Battor,33.5,0.3,2,0,0,0
2025-04-12,Battor,34.2,1.7,0,0,0,0
2025-04-13,Battor,35.5,0.0,1,0,1,0
2025-04-14,Battor,35.8,0.8,2,0,1,0
2025-04-15,Battor,34.3,4.5,0,0,0,0
2025-04-16,Battor,36.7,1.3,0,0,1,0
2025-04-17,Battor,34.6,2.4,0,0,0,0
2025-04-18,Battor,36.0,1.1,0,0,1,0
2025-04-19,Battor,34.3,5.6,0,0,0,0
2025-04-20,Battor,35.1,0.1,1,0,1,0
2025-04-21,Battor,36.1,0.4,2,0,1,0
2025-04-22,Battor,36.0,1.4,0,0,1,0
2025-04-23,Battor,31.3,16.0,0,0,0,0
2025-04-24,Battor,35.9,0.8,1,0,1,0
2025-04-25,Battor,35.3,0.3,2,0,1,0
2025-04-26,Battor,33.5,11.2,0,0,0,0
2025-04-27,Battor,33.5,0.8,1,0,0,0
2025-04-28,Battor,34.6,0.0,2,0,0,0
2025-04-29,Battor,34.2,14.0,0,0,0,0
2025-04-30,Battor,33.0,0.0,1,0,0,0
2025-05-01,Battor,32.8,5.2,0,0,0,0
2025-05-02,Battor,33.7,0.1,1,0,0,0
2025-05-03,Battor,34.5,0.0,2,0,0,0
2025-05-04,Battor,34.2,2.2,0,0,0,0
2025-05-05,Battor,33.5,0.4,1,0,0,0
2025-05-06,Battor,33.7,1.4,0,0,0,0
2025-05-07,Battor,34.5,0.8,1,0,0,0
2025-05-08,Battor,34.2,6.8,0,0,0,0
2025-05-09,Battor,33.2,7.6,0,0,0,0
2025-05-10,Battor,33.7,1.3,0,0,0,0
2025-05-11,Battor,34.5,0.6,1,0,0,0
2025-05-12,Battor,34.2,0.9,2,0,0,0
2025-05-13,Battor,33.7,6.2,0,0,0,0
2025-05-14,Battor,35.0,0.6,1,0,1,0
2025-05-15,Battor,34.0,1.4,0,0,0,0
2025-05-16,Battor,34.6,1.0,0,0,0,0
2025-05-17,Battor,33.2,5.3,0,0,0,0
2025-05-18,Battor,32.0,11.7,0,0,0,0
2025-05-19,Battor,34.2,0.9,1,0,0,0
2025-05-20,Battor,34.3,11.8,0,0,0,0
2025-05-21,Battor,31.6,0.8,1,0,0,0
2025-05-22,Battor,32.2,2.6,0,0,0,0
2025-05-23,Battor,31.4,18.2,0,0,0,0
2025-05-24,Battor,32.7,8.0,0,0,0,0
2025-05-25,Battor,34.2,0.3,1,0,0,0
2025-05-26,Battor,34.0,0.0,2,0,0,0
2025-05-27,Battor,33.0,3.1,0,0,0,0
2025-05-28,Battor,32.3,4.2,0,0,0,0
2025-05-29,Battor,30.9,7.4,0,0,0,0
2025-05-30,Battor,29.9,4.2,0,0,0,0
2025-05-31,Battor,32.8,0.7,1,0,0,0
2025-06-01,Battor,33.7,1.4,0,0,0,0
2025-06-02,Battor,32.0,0.1,1,0,0,0
2025-06-03,Battor,33.2,0.9,2,0,0,0
2025-06-04,Battor,29.5,12.9,0,0,0,0
2025-06-05,Battor,32.2,1.4,0,0,0,0
2025-06-06,Battor,32.7,0.5,1,0,0,0
2025-06-07,Battor,29.6,1.4,0,0,0,0
2025-06-08,Battor,31.3,1.2,0,0,0,0
2025-06-09,Battor,31.1,1.3,0,0,0,0
2025-06-10,Battor,30.2,2.1,0,0,0,0
2025-06-11,Battor,31.0,14.6,0,0,0,0
2025-06-12,Battor,32.3,0.2,1,0,0,0
2025-06-13,Battor,32.5,1.1,0,0,0,0
2025-06-14,Battor,28.6,14.7,0,0,0,0
2025-06-15,Battor,31.8,6.0,0,0,0,0
2025-06-16,Battor,31.9,0.9,1,0,0,0
2025-06-17,Battor,31.8,11.4,0,0,0,0
2025-06-18,Battor,31.6,9.4,0,0,0,0
2025-06-19,Battor,30.5,4.9,0,0,0,0
2025-06-20,Battor,31.0,4.3,0,0,0,0
2025-06-21,Battor,29.4,2.5,0,0,0,0
2025-06-22,Battor,29.9,10.8,0,0,0,0
2025-06-23,Battor,30.1,12.6,0,0,0,0
2025-06-24,Battor,31.5,4.6,0,0,0,0
2025-06-25,Battor,30.8,1.1,0,0,0,0
2025-06-26,Battor,31.0,22.6,0,0,0,0
2025-06-27,Battor,27.5,0.8,1,0,0,0
2025-06-28,Battor,30.5,0.3,2,0,0,0
2025-06-29,Battor,30.2,1.6,0,0,0,0
2025-06-30,Battor,30.1,1.8,0,0,0,0
2025-07-01,Battor,30.9,1.6,0,0,0,0
2025-07-02,Battor,32.3,0.1,1,0,0,0
2025-07-03,Battor,31.2,0.8,2,0,0,0
2025-07-04,Battor,28.8,4.1,0,0,0,0
2025-07-05,Battor,31.0,0.6,1,0,0,0
2025-07-06,Battor,31.0,1.2,0,0,0,0
2025-07-07,Battor,31.4,4.4,0,0,0,0
2025-07-08,Battor,28.5,6.2,0,0,0,0
2025-07-09,Battor,27.7,7.0,0,0,0,0
2025-07-10,Battor,30.8,0.5,1,0,0,0
2025-07-11,Battor,31.2,1.0,0,0,0,0
2025-07-12,Battor,30.4,0.7,1,0,0,0
2025-07-13,Battor,29.1,0.5,2,0,0,0
2025-07-14,Battor,31.0,0.0,3,0,0,0
2025-07-15,Battor,31.1,0.0,4,0,0,0
2025-07-16,Battor,30.4,0.6,5,0,0,1
2025-07-17,Battor,29.9,1.3,0,0,0,1
2025-07-18,Battor,28.2,0.2,1,0,0,1
2025-07-19,Battor,30.0,0.0,2,0,0,1
2025-07-20,Battor,29.8,0.7,3,0,0,1
2025-07-21,Battor,29.2,1.7,0,0,0,1
2025-07-22,Battor,28.9,0.8,1,0,0,0
2025-07-23,Battor,29.1,1.8,0,0,0,0
2025-07-24,Battor,29.0,0.6,1,0,0,0
2025-07-25,Battor,29.9,0.1,2,0,0,0
2025-07-26,Battor,29.4,0.2,3,0,0,0
2025-07-27,Battor,30.0,2.4,0,0,0,0
2025-07-28,Battor,29.6,0.1,1,0,0,0
2025-07-29,Battor,29.9,0.2,2,0,0,0
2025-07-30,Battor,28.5,0.5,3,0,0,1
2025-07-31,Battor,29.3,0.4,4,0,0,1
2025-08-01,Battor,29.7,2.3,0,0,0,0
2025-08-02,Battor,31.5,0.8,1,0,0,0
2025-08-03,Battor,31.7,3.9,0,0,0,0
2025-08-04,Battor,29.9,12.5,0,0,0,0
2025-08-05,Battor,28.9,2.2,0,0,0,0
2025-08-06,Battor,27.4,1.2,0,0,0,0
2025-08-07,Battor,28.4,2.0,0,0,0,0
2025-08-08,Battor,29.0,1.2,0,0,0,0
2025-08-09,Battor,28.5,0.9,1,0,0,0
2025-08-10,Battor,29.0,1.8,0,0,0,0
2025-08-11,Battor,29.0,2.3,0,0,0,0
2025-08-12,Battor,28.8,2.3,0,0,0,0
2025-08-13,Battor,28.5,0.9,1,0,0,0
2025-08-14,Battor,28.9,1.0,0,0,0,0
2025-08-15,Battor,29.4,1.2,0,0,0,0
2025-08-16,Battor,28.4,3.8,0,0,0,0
2025-08-17,Battor,29.0,2.2,0,0,0,0
2025-08-18,Battor,28.6,1.9,0,0,0,0
2025-08-19,Battor,29.1,1.0,0,0,0,0
2025-08-20,Battor,30.2,0.3,1,0,0,0
2025-08-21,Battor,31.1,1.3,0,0,0,0
2025-08-22,Battor,30.5,3.4,0,0,0,0
2025-08-23,Battor,30.1,0.8,1,0,0,0
2025-08-24,Battor,29.4,0.4,2,0,0,0
2025-08-25,Battor,30.8,0.0,3,0,0,0
2025-08-26,Battor,29.9,1.7,0,0,0,0
2025-08-27,Battor,29.1,1.0,0,0,0,0
2025-08-28,Battor,30.6,0.3,1,0,0,0
2025-08-29,Battor,29.5,1.3,0,0,0,0
2025-08-30,Battor,30.0,0.8,1,0,0,0
2025-08-31,Battor,30.0,0.7,2,0,0,0
2025-09-01,Battor,29.9,1.2,0,0,0,0
2025-09-02,Battor,31.8,0.5,1,0,0,0
2025-09-03,Battor,30.6,1.6,0,0,0,0
2025-09-04,Battor,30.5,0.2,1,0,0,0
2025-09-05,Battor,31.0,0.9,2,0,0,0
2025-09-06,Battor,32.8,0.4,3,0,0,0
2025-09-07,Battor,31.1,0.4,4,0,0,0
2025-09-08,Battor,31.3,3.8,0,0,0,0
2025-09-09,Battor,30.5,13.9,0,0,0,0
2025-09-10,Battor,30.2,2.4,0,0,0,0
2025-09-11,Battor,31.0,2.8,0,0,0,0
2025-09-12,Battor,29.1,14.3,0,0,0,0
2025-09-13,Battor,29.8,3.8,0,0,0,0
2025-09-14,Battor,30.9,2.0,0,0,0,0
2025-09-15,Battor,30.0,2.5,0,0,0,0
2025-09-16,Battor,28.1,1.6,0,0,0,0
2025-09-17,Battor,30.0,1.4,0,0,0,0
2025-09-18,Battor,30.5,3.8,0,0,0,0
2025-09-19,Battor,30.6,1.7,0,0,0,0
2025-09-20,Battor,30.8,2.8,0,0,0,0
2025-09-21,Battor,30.2,2.0,0,0,0,0
2025-09-22,Battor,31.2,22.6,0,0,0,0
2025-09-23,Battor,31.6,2.1,0,0,0,0
2025-09-24,Battor,29.5,5.6,0,0,0,0
2025-09-25,Battor,30.9,1.0,0,0,0,0
2025-09-26,Battor,29.7,2.3,0,0,0,0
2025-09-27,Battor,30.4,3.1,0,0,0,0
2025-09-28,Battor,31.4,2.8,0,0,0,0
2025-09-29,Battor,29.6,0.4,1,0,0,0
2025-09-30,Battor,31.2,4.2,0,0,0,0
2025-10-01,Battor,30.4,39.9,0,1,0,0
2025-10-02,Battor,29.8,2.6,0,0,0,0
2025-10-03,Battor,31.9,0.5,1,0,0,0
2025-10-04,Battor,31.0,1.2,0,0,0,0
2025-10-05,Battor,31.6,8.9,0,0,0,0
2025-10-06,Battor,30.1,7.0,0,0,0,0
2025-10-07,Battor,30.0,4.2,0,0,0,0
2025-10-08,Battor,28.6,2.1,0,0,0,0
2025-10-09,Battor,30.7,0.9,1,0,0,0
2025-10-10,Battor,31.8,8.7,0,0,0,0
2025-10-11,Battor,30.5,16.4,0,0,0,0
2025-10-12,Battor,30.8,21.7,0,0,0,0
2025-10-13,Battor,31.8,0.3,1,0,0,0
2025-10-14,Battor,32.3,5.0,0,0,0,0
2025-10-15,Battor,29.6,11.5,0,0,0,0
2025-10-16,Battor,31.0,1.2,0,0,0,0
2025-10-17,Battor,31.6,1.3,0,0,0,0
2025-10-18,Battor,32.0,4.3,0,0,0,0
2025-10-19,Battor,31.8,4.0,0,0,0,0
2025-10-20,Battor,32.6,0.3,1,0,0,0
2025-10-21,Battor,34.2,0.1,2,0,0,0
2025-10-22,Battor,33.8,2.0,0,0,0,0
2025-10-23,Battor,33.6,9.3,0,0,0,0
2025-10-24,Battor,32.8,5.7,0,0,0,0
2025-10-25,Battor,33.6,0.5,1,0,0,0
2025-10-26,Battor,33.9,2.9,0,0,0,0
2025-10-27,Battor,33.2,0.7,1,0,0,0
2025-10-28,Battor,33.5,1.1,0,0,0,0
2025-10-29,Battor,32.2,2.1,0,0,0,0
2025-10-30,Battor,32.5,0.6,1,0,0,0
2025-10-31,Battor,32.9,3.1,0,0,0,0
2025-11-01,Battor,32.3,0.8,1,0,0,0
2025-11-02,Battor,33.7,0.2,2,0,0,0
2025-11-03,Battor,32.3,1.0,0,0,0,0
2025-11-04,Battor,32.5,2.5,0,0,0,0
2025-11-05,Battor,33.2,23.7,0,0,0,0
2025-11-06,Battor,32.2,8.0,0,0,0,0
2025-11-07,Battor,30.0,1.1,0,0,0,0
2025-11-08,Battor,33.5,0.9,1,0,0,0
2025-11-09,Battor,33.1,0.4,2,0,0,0
2025-11-10,Battor,33.3,0.6,3,0,0,0
2025-11-11,Battor,33.0,2.7,0,0,0,0
2025-11-12,Battor,33.4,1.0,0,0,0,0
2025-11-13,Battor,32.0,1.0,0,0,0,0
2025-11-14,Battor,32.7,1.5,0,0,0,0
2025-11-15,Battor,33.2,0.8,1,0,0,0
2025-11-16,Battor,32.2,1.4,0,0,0,0
2025-11-17,Battor,31.8,0.5,1,0,0,0
2025-11-18,Battor,32.0,0.1,2,0,0,0
2025-11-19,Battor,33.5,1.0,0,0,0,0
2025-11-20,Battor,34.0,0.7,1,0,0,0
2025-11-21,Battor,33.9,3.9,0,0,0,0
2025-11-22,Battor,32.9,0.3,1,0,0,0
2025-11-23,Battor,32.7,1.1,0,0,0,0
2025-11-24,Battor,34.7,0.6,1,0,0,0
2025-11-25,Battor,34.7,0.5,2,0,0,0
2025-11-26,Battor,34.8,0.5,3,0,0,0
2025-11-27,Battor,32.8,5.8,0,0,0,0
2025-11-28,Battor,33.5,0.7,1,0,0,0
2025-11-29,Battor,32.7,0.4,2,0,0,0
2025-11-30,Battor,33.6,0.1,3,0,0,0
2025-12-01,Battor,33.0,1.1,0,0,0,0
2025-12-02,Battor,35.7,1.7,0,0,1,0
2025-12-03,Battor,35.3,1.8,0,0,1,0
2025-12-04,Battor,34.0,0.2,1,0,0,0
2025-12-05,Battor,31.4,1.5,0,0,0,0
2025-12-06,Battor,34.8,0.2,1,0,0,0
2025-12-07,Battor,35.6,0.3,2,0,1,0
2025-12-08,Battor,32.8,11.8,0,0,0,0
2025-12-09,Battor,32.3,1.1,0,0,0,0
2025-12-10,Battor,33.0,0.9,1,0,0,0
2025-12-11,Battor,32.3,5.4,0,0,0,0
2025-12-12,Battor,33.2,0.9,1,0,0,0
2025-12-13,Battor,33.8,0.5,2,0,0,0
2025-12-14,Battor,33.0,0.2,3,0,0,0
2025-12-15,Battor,33.8,2.2,0,0,0,0
2025-12-16,Battor,35.2,0.0,1,0,1,0
2025-12-17,Battor,34.0,0.0,2,0,0,0
2025-12-18,Battor,34.6,0.5,3,0,0,1
2025-12-19,Battor,34.0,4.8,0,0,0,0
2025-12-20,Battor,35.0,0.1,1,0,1,0
2025-12-21,Battor,35.0,0.4,2,0,1,0
2025-12-22,Battor,35.5,0.0,3,0,1,0
2025-12-23,Battor,34.5,0.3,4,0,0,0
2025-12-24,Battor,33.7,0.3,5,0,0,0
2025-12-25,Battor,34.2,1.2,0,0,0,0
2025-12-26,Battor,32.9,2.8,0,0,0,0
2025-12-27,Battor,32.2,0.8,1,0,0,0
2025-12-28,Battor,34.7,0.1,2,0,0,0
2025-12-29,Battor,33.9,0.6,3,0,0,0
2025-12-30,Battor,34.5,1.3,0,0,0,0
2025-12-31,Battor,34.2,1.6,0,0,0,0
2026-01-01,Battor,35.0,0.4,1,0,1,0
2026-01-02,Battor,33.6,7.9,0,0,0,0
2026-01-03,Battor,33.7,1.2,0,0,0,0
2026-01-04,Battor,33.8,1.0,0,0,0,0
2026-01-05,Battor,35.3,0.0,1,0,1,0
2026-01-06,Battor,35.5,0.3,2,0,1,0
2026-01-07,Battor,34.3,0.3,3,0,0,0
2026-01-08,Battor,33.7,0.8,4,0,0,0
2026-01-09,Battor,32.3,0.1,5,0,0,1
2026-01-10,Battor,34.8,0.0,6,0,0,1
2026-01-11,Battor,34.5,0.2,7,0,0,1
2026-01-12,Battor,35.3,0.8,8,0,1,1
2026-01-13,Battor,35.3,0.2,9,0,1,1
2026-01-14,Battor,36.6,0.0,10,0,1,1
2026-01-15,Battor,36.1,0.4,11,0,1,1
2026-01-16,Battor,35.3,0.2,12,0,1,1
2026-01-17,Battor,34.4,0.2,13,0,0,1
2026-01-18,Battor,35.0,1.5,0,0,1,1
2026-01-19,Battor,35.9,0.5,1,0,1,1
2026-01-20,Battor,34.9,1.2,0,0,0,1
2026-01-21,Battor,35.1,0.4,1,0,1,1
2026-01-22,Battor,35.0,0.4,2,0,1,1
2026-01-23,Battor,36.4,0.0,3,0,1,1
2026-01-24,Battor,36.5,0.0,4,0,1,1
2026-01-25,Battor,36.2,0.0,5,0,1,1
2026-01-26,Battor,36.5,0.0,6,0,1,1
2026-01-27,Battor,36.2,0.0,7,0,1,1
2025-01-27,Mafi Kumase,36.3,0.0,1,0,1,0
2025-01-28,Mafi Kumase,35.9,0.0,2,0,1,0
2025-01-29,Mafi Kumase,33.3,1.8,0,0,0,0
2025-01-30,Mafi Kumase,35.7,0.8,1,0,1,0
2025-01-31,Mafi Kumase,35.3,0.9,2,0,1,0
2025-02-01,Mafi Kumase,34.4,1.8,0,0,0,0
2025-02-02,Mafi Kumase,32.5,1.8,0,0,0,0
2025-02-03,Mafi Kumase,34.8,0.2,1,0,0,0
2025-02-04,Mafi Kumase,37.7,0.0,2,0,1,0
2025-02-05,Mafi Kumase,38.2,0.0,3,0,1,0
2025-02-06,Mafi Kumase,36.0,0.4,4,0,1,0
2025-02-07,Mafi Kumase,35.8,1.7,0,0,1,0
2025-02-08,Mafi Kumase,34.5,2.1,0,0,0,0
2025-02-09,Mafi Kumase,35.0,3.0,0,0,1,0
2025-02-10,Mafi Kumase,36.5,0.0,1,0,1,0
2025-02-11,Mafi Kumase,36.0,0.0,2,0,1,0
2025-02-12,Mafi Kumase,35.8,0.8,3,0,1,0
2025-02-13,Mafi Kumase,36.9,0.0,4,0,1,0
2025-02-14,Mafi Kumase,36.1,0.0,5,0,1,0
2025-02-15,Mafi Kumase,36.1,0.7,6,0,1,1
2025-02-16,Mafi Kumase,36.0,0.8,7,0,1,1
2025-02-17,Mafi Kumase,37.3,0.5,8,0,1,1
2025-02-18,Mafi Kumase,36.2,1.1,0,0,1,1
2025-02-19,Mafi Kumase,34.9,0.1,1,0,0,1
2025-02-20,Mafi Kumase,36.3,0.5,2,0,1,1
2025-02-21,Mafi Kumase,35.2,0.1,3,0,1,1
2025-02-22,Mafi Kumase,35.8,17.4,0,0,1,0
2025-02-23,Mafi Kumase,32.7,0.4,1,0,0,0
2025-02-24,Mafi Kumase,36.8,0.1,2,0,1,0
2025-02-25,Mafi Kumase,36.3,1.1,0,0,1,0
2025-02-26,Mafi Kumase,36.2,0.2,1,0,1,0
2025-02-27,Mafi Kumase,36.0,0.5,2,0,1,0
2025-02-28,Mafi Kumase,35.8,0.9,3,0,1,0
2025-03-01,Mafi Kumase,36.1,1.6,0,0,1,1
2025-03-02,Mafi Kumase,36.7,0.7,1,0,1,0
2025-03-03,Mafi Kumase,35.3,1.8,0,0,1,0
2025-03-04,Mafi Kumase,35.5,0.9,1,0,1,0
2025-03-05,Mafi Kumase,34.0,1.4,0,0,0,0
2025-03-06,Mafi Kumase,36.6,0.2,1,0,1,0
2025-03-07,Mafi Kumase,37.2,0.2,2,0,1,0
2025-03-08,Mafi Kumase,35.5,1.7,0,0,1,0
2025-03-09,Mafi Kumase,36.4,0.2,1,0,1,0
2025-03-10,Mafi Kumase,35.7,0.3,2,0,1,1
2025-03-11,Mafi Kumase,36.7,0.2,3,0,1,1
2025-03-12,Mafi Kumase,37.5,0.2,4,0,1,1
2025-03-13,Mafi Kumase,37.7,0.5,5,0,1,1
2025-03-14,Mafi Kumase,34.7,0.1,6,0,0,1
2025-03-15,Mafi Kumase,36.5,0.8,7,0,1,1
2025-03-16,Mafi Kumase,35.8,0.5,8,0,1,1
2025-03-17,Mafi Kumase,34.9,0.0,9,0,0,1
2025-03-18,Mafi Kumase,36.5,0.3,10,0,1,1
2025-03-19,Mafi Kumase,36.7,1.5,0,0,1,1
2025-03-20,Mafi Kumase,36.0,0.1,1,0,1,1
2025-03-21,Mafi Kumase,33.7,0.5,2,0,0,1
2025-03-22,Mafi Kumase,35.8,0.0,3,0,1,1
2025-03-23,Mafi Kumase,34.8,0.0,4,0,0,1
2025-03-24,Mafi Kumase,35.8,0.4,5,0,1,1
2025-03-25,Mafi Kumase,35.5,3.4,0,0,1,0
2025-03-26,Mafi Kumase,33.5,5.2,0,0,0,0
2025-03-27,Mafi Kumase,35.8,0.6,1,0,1,0
2025-03-28,Mafi Kumase,34.9,3.4,0,0,0,0
2025-03-29,Mafi Kumase,35.5,1.1,0,0,1,0
2025-03-30,Mafi Kumase,34.5,5.2,0,0,0,0
2025-03-31,Mafi Kumase,34.8,0.0,1,0,0,0
2025-04-01,Mafi Kumase,35.2,1.0,0,0,1,0
2025-04-02,Mafi Kumase,34.8,9.6,0,0,0,0
2025-04-03,Mafi Kumase,32.7,14.9,0,0,0,0
2025-04-04,Mafi Kumase,34.9,0.4,1,0,0,0
2025-04-05,Mafi Kumase,35.1,1.8,0,0,1,0
2025-04-06,Mafi Kumase,34.1,2.9,0,0,0,0
2025-04-07,Mafi Kumase,34.2,0.4,1,0,0,0
2025-04-08,Mafi Kumase,34.9,0.6,2,0,0,0
2025-04-09,Mafi Kumase,33.7,5.0,0,0,0,0
2025-04-10,Mafi Kumase,35.1,0.2,1,0,1,0
2025-04-11,Mafi Kumase,33.2,0.7,2,0,0,0
2025-04-12,Mafi Kumase,34.1,2.3,0,0,0,0
2025-04-13,Mafi Kumase,35.2,0.0,1,0,1,0
2025-04-14,Mafi Kumase,36.0,0.5,2,0,1,0
2025-04-15,Mafi Kumase,35.5,5.7,0,0,1,0
2025-04-16,Mafi Kumase,36.5,1.4,0,0,1,0
2025-04-17,Mafi Kumase,34.3,1.4,0,0,0,0
2025-04-18,Mafi Kumase,35.8,0.7,1,0,1,0
2025-04-19,Mafi Kumase,34.5,3.9,0,0,0,0
2025-04-20,Mafi Kumase,35.2,0.1,1,0,1,0
2025-04-21,Mafi Kumase,36.0,0.6,2,0,1,0
2025-04-22,Mafi Kumase,35.9,0.5,3,0,1,0
2025-04-23,Mafi Kumase,31.0,18.9,0,0,0,0
2025-04-24,Mafi Kumase,35.5,0.4,1,0,1,0
2025-04-25,Mafi Kumase,35.2,0.4,2,0,1,0
2025-04-26,Mafi Kumase,33.6,8.7,0,0,0,0
2025-04-27,Mafi Kumase,33.3,0.6,1,0,0,0
2025-04-28,Mafi Kumase,34.5,0.0,2,0,0,0
2025-04-29,Mafi Kumase,34.0,9.4,0,0,0,0
2025-04-30,Mafi Kumase,32.5,0.0,1,0,0,0
2025-05-01,Mafi Kumase,32.4,3.1,0,0,0,0
2025-05-02,Mafi Kumase,33.0,0.3,1,0,0,0
2025-05-03,Mafi Kumase,33.7,0.2,2,0,0,0
2025-05-04,Mafi Kumase,33.7,2.1,0,0,0,0
2025-05-05,Mafi Kumase,33.4,0.5,1,0,0,0
2025-05-06,Mafi Kumase,33.5,1.2,0,0,0,0
2025-05-07,Mafi Kumase,34.0,2.8,0,0,0,0
2025-05-08,Mafi Kumase,33.6,10.9,0,0,0,0
2025-05-09,Mafi Kumase,32.8,6.8,0,0,0,0
2025-05-10,Mafi Kumase,33.3,1.1,0,0,0,0
2025-05-11,Mafi Kumase,34.3,0.8,1,0,0,0
2025-05-12,Mafi Kumase,34.0,0.8,2,0,0,0
2025-05-13,Mafi Kumase,33.8,4.2,0,0,0,0
2025-05-14,Mafi Kumase,35.2,0.4,1,0,1,0
2025-05-15,Mafi Kumase,34.1,1.1,0,0,0,0
2025-05-16,Mafi Kumase,34.8,1.8,0,0,0,0
2025-05-17,Mafi Kumase,33.9,10.8,0,0,0,0
2025-05-18,Mafi Kumase,32.0,14.1,0,0,0,0
2025-05-19,Mafi Kumase,34.0,0.7,1,0,0,0
2025-05-20,Mafi Kumase,34.5,13.3,0,0,0,0
2025-05-21,Mafi Kumase,31.4,2.3,0,0,0,0
2025-05-22,Mafi Kumase,32.5,1.3,0,0,0,0
2025-05-23,Mafi Kumase,31.0,16.1,0,0,0,0
2025-05-24,Mafi Kumase,32.5,6.9,0,0,0,0
2025-05-25,Mafi Kumase,34.2,0.0,1,0,0,0
2025-05-26,Mafi Kumase,33.8,0.0,2,0,0,0
2025-05-27,Mafi Kumase,33.0,1.2,0,0,0,0
2025-05-28,Mafi Kumase,32.8,2.8,0,0,0,0
2025-05-29,Mafi Kumase,31.0,6.7,0,0,0,0
2025-05-30,Mafi Kumase,30.0,4.7,0,0,0,0
2025-05-31,Mafi Kumase,33.0,0.6,1,0,0,0
2025-06-01,Mafi Kumase,33.8,0.6,2,0,0,0
2025-06-02,Mafi Kumase,31.9,0.4,3,0,0,0
2025-06-03,Mafi Kumase,33.4,0.9,4,0,0,0
2025-06-04,Mafi Kumase,29.5,9.7,0,0,0,0
2025-06-05,Mafi Kumase,32.7,1.2,0,0,0,0
2025-06-06,Mafi Kumase,33.0,0.1,1,0,0,0
2025-06-07,Mafi Kumase,30.0,1.7,0,0,0,0
2025-06-08,Mafi Kumase,31.3,1.1,0,0,0,0
2025-06-09,Mafi Kumase,31.5,0.7,1,0,0,0
2025-06-10,Mafi Kumase,30.0,5.1,0,0,0,0
2025-06-11,Mafi Kumase,31.1,15.2,0,0,0,0
2025-06-12,Mafi Kumase,32.0,0.7,1,0,0,0
2025-06-13,Mafi Kumase,32.5,1.4,0,0,0,0
2025-06-14,Mafi Kumase,28.6,12.5,0,0,0,0
2025-06-15,Mafi Kumase,31.7,3.9,0,0,0,0
2025-06-16,Mafi Kumase,32.0,1.1,0,0,0,0
2025-06-17,Mafi Kumase,32.0,10.1,0,0,0,0
2025-06-18,Mafi Kumase,31.6,5.1,0,0,0,0
2025-06-19,Mafi Kumase,30.6,4.1,0,0,0,0
2025-06-20,Mafi Kumase,31.1,6.4,0,0,0,0
2025-06-21,Mafi Kumase,29.5,4.6,0,0,0,0
2025-06-22,Mafi Kumase,29.8,9.0,0,0,0,0
2025-06-23,Mafi Kumase,30.0,10.0,0,0,0,0
2025-06-24,Mafi Kumase,31.5,3.9,0,0,0,0
2025-06-25,Mafi Kumase,30.7,2.0,0,0,0,0
2025-06-26,Mafi Kumase,31.1,20.7,0,0,0,0
2025-06-27,Mafi Kumase,27.2,2.0,0,0,0,0
2025-06-28,Mafi Kumase,30.6,0.4,1,0,0,0
2025-06-29,Mafi Kumase,30.1,2.8,0,0,0,0
2025-06-30,Mafi Kumase,30.0,1.1,0,0,0,0
2025-07-01,Mafi Kumase,30.9,0.6,1,0,0,0
2025-07-02,Mafi Kumase,32.4,0.0,2,0,0,0
2025-07-03,Mafi Kumase,31.1,0.4,3,0,0,0
2025-07-04,Mafi Kumase,28.3,4.3,0,0,0,0
2025-07-05,Mafi Kumase,30.7,0.7,1,0,0,0
2025-07-06,Mafi Kumase,31.0,1.4,0,0,0,0
2025-07-07,Mafi Kumase,31.3,3.7,0,0,0,0
2025-07-08,Mafi Kumase,28.4,10.0,0,0,0,0
2025-07-09,Mafi Kumase,27.8,6.0,0,0,0,0
2025-07-10,Mafi Kumase,30.7,0.6,1,0,0,0
2025-07-11,Mafi Kumase,31.1,1.0,0,0,0,0
2025-07-12,Mafi Kumase,30.0,1.0,0,0,0,0
2025-07-13,Mafi Kumase,28.8,0.3,1,0,0,0
2025-07-14,Mafi Kumase,30.7,0.0,2,0,0,0
2025-07-15,Mafi Kumase,30.9,0.0,3,0,0,0
2025-07-16,Mafi Kumase,30.2,0.7,4,0,0,1
2025-07-17,Mafi Kumase,29.6,1.1,0,0,0,1
2025-07-18,Mafi Kumase,28.1,0.5,1,0,0,1
2025-07-19,Mafi Kumase,29.9,0.0,2,0,0,1
2025-07-20,Mafi Kumase,29.5,0.9,3,0,0,1
2025-07-21,Mafi Kumase,29.1,2.4,0,0,0,0
2025-07-22,Mafi Kumase,29.2,0.8,1,0,0,0
2025-07-23,Mafi Kumase,29.1,1.6,0,0,0,0
2025-07-24,Mafi Kumase,29.1,0.5,1,0,0,0
2025-07-25,Mafi Kumase,30.0,0.2,2,0,0,0
2025-07-26,Mafi Kumase,29.4,0.3,3,0,0,0
2025-07-27,Mafi Kumase,30.3,2.1,0,0,0,0
2025-07-28,Mafi Kumase,29.3,0.0,1,0,0,0
2025-07-29,Mafi Kumase,29.8,0.5,2,0,0,0
2025-07-30,Mafi Kumase,28.7,0.7,3,0,0,1
2025-07-31,Mafi Kumase,29.1,0.4,4,0,0,1
2025-08-01,Mafi Kumase,29.4,3.1,0,0,0,0
2025-08-02,Mafi Kumase,31.5,0.4,1,0,0,0
2025-08-03,Mafi Kumase,31.5,3.2,0,0,0,0
2025-08-04,Mafi Kumase,29.9,21.1,0,0,0,0
2025-08-05,Mafi Kumase,28.5,2.3,0,0,0,0
2025-08-06,Mafi Kumase,27.3,2.7,0,0,0,0
2025-08-07,Mafi Kumase,28.4,2.6,0,0,0,0
2025-08-08,Mafi Kumase,29.2,1.6,0,0,0,0
2025-08-09,Mafi Kumase,28.0,1.7,0,0,0,0
2025-08-10,Mafi Kumase,28.8,2.2,0,0,0,0
2025-08-11,Mafi Kumase,29.0,3.4,0,0,0,0
2025-08-12,Mafi Kumase,28.0,1.2,0,0,0,0
2025-08-13,Mafi Kumase,28.2,0.6,1,0,0,0
2025-08-14,Mafi Kumase,28.6,1.3,0,0,0,0
2025-08-15,Mafi Kumase,29.4,1.2,0,0,0,0
2025-08-16,Mafi Kumase,28.2,5.1,0,0,0,0
2025-08-17,Mafi Kumase,28.6,3.3,0,0,0,0
2025-08-18,Mafi Kumase,28.2,2.0,0,0,0,0
2025-08-19,Mafi Kumase,28.8,1.0,0,0,0,0
2025-08-20,Mafi Kumase,30.2,0.6,1,0,0,0
2025-08-21,Mafi Kumase,30.9,1.5,0,0,0,0
2025-08-22,Mafi Kumase,29.7,3.2,0,0,0,0
2025-08-23,Mafi Kumase,29.6,0.6,1,0,0,0
2025-08-24,Mafi Kumase,29.2,0.3,2,0,0,0
2025-08-25,Mafi Kumase,30.5,0.0,3,0,0,0
2025-08-26,Mafi Kumase,29.8,1.4,0,0,0,0
2025-08-27,Mafi Kumase,29.1,0.8,1,0,0,0
2025-08-28,Mafi Kumase,30.9,0.4,2,0,0,0
2025-08-29,Mafi Kumase,29.9,1.2,0,0,0,1
2025-08-30,Mafi Kumase,29.8,0.4,1,0,0,1
2025-08-31,Mafi Kumase,30.1,0.7,2,0,0,1
2025-09-01,Mafi Kumase,30.0,1.0,0,0,0,0
2025-09-02,Mafi Kumase,32.0,0.5,1,0,0,1
2025-09-03,Mafi Kumase,30.3,1.5,0,0,0,0
2025-09-04,Mafi Kumase,30.4,0.3,1,0,0,0
2025-09-05,Mafi Kumase,31.1,0.5,2,0,0,1
2025-09-06,Mafi Kumase,32.7,0.2,3,0,0,1
2025-09-07,Mafi Kumase,30.5,0.9,4,0,0,1
2025-09-08,Mafi Kumase,31.1,1.4,0,0,0,0
2025-09-09,Mafi Kumase,30.7,9.8,0,0,0,0
2025-09-10,Mafi Kumase,29.8,2.7,0,0,0,0
2025-09-11,Mafi Kumase,30.6,2.1,0,0,0,0
2025-09-12,Mafi Kumase,29.2,12.7,0,0,0,0
2025-09-13,Mafi Kumase,29.1,3.8,0,0,0,0
2025-09-14,Mafi Kumase,30.9,1.4,0,0,0,0
2025-09-15,Mafi Kumase,30.0,1.8,0,0,0,0
2025-09-16,Mafi Kumase,28.4,1.5,0,0,0,0
2025-09-17,Mafi Kumase,29.8,1.8,0,0,0,0
2025-09-18,Mafi Kumase,30.3,3.5,0,0,0,0
2025-09-19,Mafi Kumase,30.5,3.7,0,0,0,0
2025-09-20,Mafi Kumase,30.7,5.9,0,0,0,0
2025-09-21,Mafi Kumase,30.5,1.2,0,0,0,0
2025-09-22,Mafi Kumase,30.5,20.1,0,0,0,0
2025-09-23,Mafi Kumase,31.6,2.7,0,0,0,0
2025-09-24,Mafi Kumase,29.8,5.5,0,0,0,0
2025-09-25,Mafi Kumase,30.7,2.0,0,0,0,0
2025-09-26,Mafi Kumase,29.7,1.9,0,0,0,0
2025-09-27,Mafi Kumase,30.5,3.5,0,0,0,0
2025-09-28,Mafi Kumase,31.5,1.8,0,0,0,0
2025-09-29,Mafi Kumase,29.5,0.4,1,0,0,0
2025-09-30,Mafi Kumase,31.0,3.0,0,0,0,0
2025-10-01,Mafi Kumase,30.2,26.5,0,0,0,0
2025-10-02,Mafi Kumase,29.9,3.2,0,0,0,0
2025-10-03,Mafi Kumase,31.8,0.7,1,0,0,0
2025-10-04,Mafi Kumase,31.4,2.3,0,0,0,0
2025-10-05,Mafi Kumase,31.6,9.0,0,0,0,0
2025-10-06,Mafi Kumase,30.1,6.2,0,0,0,0
2025-10-07,Mafi Kumase,29.9,5.1,0,0,0,0
2025-10-08,Mafi Kumase,28.2,2.1,0,0,0,0
2025-10-09,Mafi Kumase,30.5,1.1,0,0,0,0
2025-10-10,Mafi Kumase,31.9,12.1,0,0,0,0
2025-10-11,Mafi Kumase,30.0,13.2,0,0,0,0
2025-10-12,Mafi Kumase,30.6,22.8,0,0,0,0
2025-10-13,Mafi Kumase,31.5,0.3,1,0,0,0
2025-10-14,Mafi Kumase,32.0,2.9,0,0,0,0
2025-10-15,Mafi Kumase,29.1,9.9,0,0,0,0
2025-10-16,Mafi Kumase,31.2,1.0,0,0,0,0
2025-10-17,Mafi Kumase,31.4,1.7,0,0,0,0
2025-10-18,Mafi Kumase,31.6,1.6,0,0,0,0
2025-10-19,Mafi Kumase,31.6,6.2,0,0,0,0
2025-10-20,Mafi Kumase,32.2,0.3,1,0,0,0
2025-10-21,Mafi Kumase,33.7,0.2,2,0,0,0
2025-10-22,Mafi Kumase,33.7,2.2,0,0,0,0
2025-10-23,Mafi Kumase,33.2,4.5,0,0,0,0
2025-10-24,Mafi Kumase,33.1,5.0,0,0,0,0
2025-10-25,Mafi Kumase,33.2,0.4,1,0,0,0
2025-10-26,Mafi Kumase,33.9,6.3,0,0,0,0
2025-10-27,Mafi Kumase,32.7,0.7,1,0,0,0
2025-10-28,Mafi Kumase,33.4,0.2,2,0,0,0
2025-10-29,Mafi Kumase,32.2,3.9,0,0,0,0
2025-10-30,Mafi Kumase,32.2,1.3,0,0,0,0
2025-10-31,Mafi Kumase,32.8,1.3,0,0,0,0
2025-11-01,Mafi Kumase,32.2,0.8,1,0,0,0
2025-11-02,Mafi Kumase,33.3,0.2,2,0,0,0
2025-11-03,Mafi Kumase,32.0,0.8,3,0,0,0
2025-11-04,Mafi Kumase,32.8,2.5,0,0,0,0
2025-11-05,Mafi Kumase,33.8,15.9,0,0,0,0
2025-11-06,Mafi Kumase,32.2,4.3,0,0,0,0
2025-11-07,Mafi Kumase,29.9,1.0,0,0,0,0
2025-11-08,Mafi Kumase,33.1,0.5,1,0,0,0
2025-11-09,Mafi Kumase,33.0,0.3,2,0,0,0
2025-11-10,Mafi Kumase,33.0,0.5,3,0,0,0
2025-11-11,Mafi Kumase,33.5,8.0,0,0,0,0
2025-11-12,Mafi Kumase,33.5,0.7,1,0,0,0
2025-11-13,Mafi Kumase,32.0,0.7,2,0,0,0
2025-11-14,Mafi Kumase,32.8,0.9,3,0,0,0
2025-11-15,Mafi Kumase,33.0,0.6,4,0,0,0
2025-11-16,Mafi Kumase,32.0,1.3,0,0,0,0
2025-11-17,Mafi Kumase,31.8,0.3,1,0,0,0
2025-11-18,Mafi Kumase,31.9,0.0,2,0,0,1
2025-11-19,Mafi Kumase,34.3,1.5,0,0,0,0
2025-11-20,Mafi Kumase,33.8,0.1,1,0,0,1
2025-11-21,Mafi Kumase,33.9,0.8,2,0,0,1
2025-11-22,Mafi Kumase,32.5,0.3,3,0,0,1
2025-11-23,Mafi Kumase,32.4,0.7,4,0,0,1
2025-11-24,Mafi Kumase,34.5,0.8,5,0,0,1
2025-11-25,Mafi Kumase,34.7,0.2,6,0,0,1
2025-11-26,Mafi Kumase,34.8,0.4,7,0,0,1
2025-11-27,Mafi Kumase,33.7,7.6,0,0,0,0
2025-11-28,Mafi Kumase,33.1,0.3,1,0,0,0
2025-11-29,Mafi Kumase,32.7,0.3,2,0,0,0
2025-11-30,Mafi Kumase,33.4,0.4,3,0,0,0
2025-12-01,Mafi Kumase,33.0,1.0,0,0,0,0
2025-12-02,Mafi Kumase,35.3,1.6,0,0,1,0
2025-12-03,Mafi Kumase,35.5,0.8,1,0,1,0
2025-12-04,Mafi Kumase,33.5,0.2,2,0,0,1
2025-12-05,Mafi Kumase,31.6,6.9,0,0,0,0
2025-12-06,Mafi Kumase,34.5,0.1,1,0,0,0
2025-12-07,Mafi Kumase,35.5,0.0,2,0,1,0
2025-12-08,Mafi Kumase,33.2,8.9,0,0,0,0
2025-12-09,Mafi Kumase,32.1,0.2,1,0,0,0
2025-12-10,Mafi Kumase,33.0,1.8,0,0,0,0
2025-12-11,Mafi Kumase,32.7,1.7,0,0,0,0
2025-12-12,Mafi Kumase,33.2,1.9,0,0,0,0
2025-12-13,Mafi Kumase,33.6,0.6,1,0,0,0
2025-12-14,Mafi Kumase,32.8,0.0,2,0,0,0
2025-12-15,Mafi Kumase,33.2,1.0,0,0,0,0
2025-12-16,Mafi Kumase,35.3,0.0,1,0,1,0
2025-12-17,Mafi Kumase,33.8,0.0,2,0,0,0
2025-12-18,Mafi Kumase,34.3,0.4,3,0,0,1
2025-12-19,Mafi Kumase,34.0,4.0,0,0,0,0
2025-12-20,Mafi Kumase,34.8,0.2,1,0,0,0
2025-12-21,Mafi Kumase,34.6,0.6,2,0,0,0
2025-12-22,Mafi Kumase,35.2,0.1,3,0,1,0
2025-12-23,Mafi Kumase,34.0,0.5,4,0,0,0
2025-12-24,Mafi Kumase,33.2,0.5,5,0,0,0
2025-12-25,Mafi Kumase,34.1,0.5,6,0,0,0
2025-12-26,Mafi Kumase,32.2,1.5,0,0,0,1
2025-12-27,Mafi Kumase,32.1,1.4,0,0,0,0
2025-12-28,Mafi Kumase,34.3,0.1,1,0,0,1
2025-12-29,Mafi Kumase,33.6,0.6,2,0,0,0
2025-12-30,Mafi Kumase,34.2,0.8,3,0,0,0
2025-12-31,Mafi Kumase,33.8,1.1,0,0,0,0
2026-01-01,Mafi Kumase,34.8,0.7,1,0,0,0
2026-01-02,Mafi Kumase,33.7,7.7,0,0,0,0
2026-01-03,Mafi Kumase,33.8,0.3,1,0,0,0
2026-01-04,Mafi Kumase,33.4,0.2,2,0,0,0
2026-01-05,Mafi Kumase,35.3,0.0,3,0,1,0
2026-01-06,Mafi Kumase,35.2,0.2,4,0,1,0
2026-01-07,Mafi Kumase,34.1,0.5,5,0,0,0
2026-01-08,Mafi Kumase,33.4,1.1,0,0,0,0
2026-01-09,Mafi Kumase,32.0,0.0,1,0,0,1
2026-01-10,Mafi Kumase,34.3,0.0,2,0,0,1
2026-01-11,Mafi Kumase,34.2,0.0,3,0,0,1
2026-01-12,Mafi Kumase,34.9,1.6,0,0,0,1
2026-01-13,Mafi Kumase,35.0,0.1,1,0,1,1
2026-01-14,Mafi Kumase,36.0,0.0,2,0,1,1
2026-01-15,Mafi Kumase,35.8,0.0,3,0,1,1
2026-01-16,Mafi Kumase,35.2,0.0,4,0,1,1
2026-01-17,Mafi Kumase,34.1,0.2,5,0,0,1
2026-01-18,Mafi Kumase,34.8,1.7,0,0,0,1
2026-01-19,Mafi Kumase,35.3,0.5,1,0,1,1
2026-01-20,Mafi Kumase,34.7,0.4,2,0,0,1
2026-01-21,Mafi Kumase,34.8,0.7,3,0,0,1
2026-01-22,Mafi Kumase,35.1,0.1,4,0,1,1
2026-01-23,Mafi Kumase,36.4,0.0,5,0,1,1
2026-01-24,Mafi Kumase,35.9,0.0,6,0,1,1
2026-01-25,Mafi Kumase,36.0,0.0,7,0,1,1
2026-01-26,Mafi Kumase,36.2,0.0,8,0,1,1
2026-01-27,Mafi Kumase,35.9,0.0,9,0,1,1
2025-01-27,Mepe,36.3,0.0,1,0,1,0
2025-01-28,Mepe,35.9,0.0,2,0,1,0
2025-01-29,Mepe,33.3,1.8,0,0,0,0
2025-01-30,Mepe,35.7,0.8,1,0,1,0
2025-01-31,Mepe,35.3,0.9,2,0,1,0
2025-02-01,Mepe,34.4,1.8,0,0,0,0
2025-02-02,Mepe,32.5,1.8,0,0,0,0
2025-02-03,Mepe,34.8,0.2,1,0,0,0
2025-02-04,Mepe,37.7,0.0,2,0,1,0
2025-02-05,Mepe,38.2,0.0,3,0,1,0
2025-02-06,Mepe,36.0,0.4,4,0,1,0
2025-02-07,Mepe,35.8,1.7,0,0,1,0
2025-02-08,Mepe,34.5,2.1,0,0,0,0
2025-02-09,Mepe,35.0,3.0,0,0,1,0
2025-02-10,Mepe,36.5,0.0,1,0,1,0
2025-02-11,Mepe,36.0,0.0,2,0,1,0
2025-02-12,Mepe,35.8,0.8,3,0,1,0
2025-02-13,Mepe,36.9,0.0,4,0,1,0
2025-02-14,Mepe,36.1,0.0,5,0,1,0
2025-02-15,Mepe,36.1,0.7,6,0,1,1
2025-02-16,Mepe,36.0,0.8,7,0,1,1
2025-02-17,Mepe,37.3,0.5,8,0,1,1
2025-02-18,Mepe,36.2,1.1,0,0,1,1
2025-02-19,Mepe,34.9,0.1,1,0,0,1
2025-02-20,Mepe,36.3,0.5,2,0,1,1
2025-02-21,Mepe,35.2,0.1,3,0,1,1
2025-02-22,Mepe,35.8,17.4,0,0,1,0
2025-02-23,Mepe,32.7,0.4,1,0,0,0
2025-02-24,Mepe,36.8,0.1,2,0,1,0
2025-02-25,Mepe,36.3,1.1,0,0,1,0
2025-02-26,Mepe,36.2,0.2,1,0,1,0
2025-02-27,Mepe,36.0,0.5,2,0,1,0
2025-02-28,Mepe,35.8,0.9,3,0,1,0
2025-03-01,Mepe,36.1,1.6,0,0,1,1
2025-03-02,Mepe,36.7,0.7,1,0,1,0
2025-03-03,Mepe,35.3,1.8,0,0,1,0
2025-03-04,Mepe,35.5,0.9,1,0,1,0
2025-03-05,Mepe,34.0,1.4,0,0,0,0
2025-03-06,Mepe,36.6,0.2,1,0,1,0
2025-03-07,Mepe,37.2,0.2,2,0,1,0
2025-03-08,Mepe,35.5,1.7,0,0,1,0
2025-03-09,Mepe,36.4,0.2,1,0,1,0
2025-03-10,Mepe,35.7,0.3,2,0,1,1
2025-03-11,Mepe,36.7,0.2,3,0,1,1
2025-03-12,Mepe,37.5,0.2,4,0,1,1
2025-03-13,Mepe,37.7,0.5,5,0,1,1
2025-03-14,Mepe,34.7,0.1,6,0,0,1
2025-03-15,Mepe,36.5,0.8,7,0,1,1
2025-03-16,Mepe,35.8,0.5,8,0,1,1
2025-03-17,Mepe,34.9,0.0,9,0,0,1
2025-03-18,Mepe,36.5,0.3,10,0,1,1
2025-03-19,Mepe,36.7,1.5,0,0,1,1
2025-03-20,Mepe,36.0,0.1,1,0,1,1
2025-03-21,Mepe,33.7,0.5,2,0,0,1
2025-03-22,Mepe,35.8,0.0,3,0,1,1
2025-03-23,Mepe,34.8,0.0,4,0,0,1
2025-03-24,Mepe,35.8,0.4,5,0,1,1
2025-03-25,Mepe,35.5,3.4,0,0,1,0
2025-03-26,Mepe,33.5,5.2,0,0,0,0
2025-03-27,Mepe,35.8,0.6,1,0,1,0
2025-03-28,Mepe,34.9,3.4,0,0,0,0
2025-03-29,Mepe,35.5,1.1,0,0,1,0
2025-03-30,Mepe,34.5,5.2,0,0,0,0
2025-03-31,Mepe,34.8,0.0,1,0,0,0
2025-04-01,Mepe,35.2,1.0,0,0,1,0
2025-04-02,Mepe,34.8,9.6,0,0,0,0
2025-04-03,Mepe,32.7,14.9,0,0,0,0
2025-04-04,Mepe,34.9,0.4,1,0,0,0
2025-04-05,Mepe,35.1,1.8,0,0,1,0
2025-04-06,Mepe,34.1,2.9,0,0,0,0
2025-04-07,Mepe,34.2,0.4,1,0,0,0
2025-04-08,Mepe,34.9,0.6,2,0,0,0
2025-04-09,Mepe,33.7,5.0,0,0,0,0
2025-04-10,Mepe,35.1,0.2,1,0,1,0
2025-04-11,Mepe,33.2,0.7,2,0,0,0
2025-04-12,Mepe,34.1,2.3,0,0,0,0
2025-04-13,Mepe,35.2,0.0,1,0,1,0
2025-04-14,Mepe,36.0,0.5,2,0,1,0
2025-04-15,Mepe,35.5,5.7,0,0,1,0
2025-04-16,Mepe,36.5,1.4,0,0,1,0
2025-04-17,Mepe,34.3,1.4,0,0,0,0
2025-04-18,Mepe,35.8,0.7,1,0,1,0
2025-04-19,Mepe,34.5,3.9,0,0,0,0
2025-04-20,Mepe,35.2,0.1,1,0,1,0
2025-04-21,Mepe,36.0,0.6,2,0,1,0
2025-04-22,Mepe,35.9,0.5,3,0,1,0
2025-04-23,Mepe,31.0,18.9,0,0,0,0
2025-04-24,Mepe,35.5,0.4,1,0,1,0
2025-04-25,Mepe,35.2,0.4,2,0,1,0
2025-04-26,Mepe,33.6,8.7,0,0,0,0
2025-04-27,Mepe,33.3,0.6,1,0,0,0
2025-04-28,Mepe,34.5,0.0,2,0,0,0
2025-04-29,Mepe,34.0,9.4,0,0,0,0
2025-04-30,Mepe,32.5,0.0,1,0,0,0
2025-05-01,Mepe,32.4,3.1,0,0,0,0
2025-05-02,Mepe,33.0,0.3,1,0,0,0
2025-05-03,Mepe,33.7,0.2,2,0,0,0
2025-05-04,Mepe,33.7,2.1,0,0,0,0
2025-05-05,Mepe,33.4,0.5,1,0,0,0
2025-05-06,Mepe,33.5,1.2,0,0,0,0
2025-05-07,Mepe,34.0,2.8,0,0,0,0
2025-05-08,Mepe,33.6,10.9,0,0,0,0
2025-05-09,Mepe,32.8,6.8,0,0,0,0
2025-05-10,Mepe,33.3,1.1,0,0,0,0
2025-05-11,Mepe,34.3,0.8,1,0,0,0
2025-05-12,Mepe,34.0,0.8,2,0,0,0
2025-05-13,Mepe,33.8,4.2,0,0,0,0
2025-05-14,Mepe,35.2,0.4,1,0,1,0
2025-05-15,Mepe,34.1,1.1,0,0,0,0
2025-05-16,Mepe,34.8,1.8,0,0,0,0
2025-05-17,Mepe,33.9,10.8,0,0,0,0
2025-05-18,Mepe,32.0,14.1,0,0,0,0
2025-05-19,Mepe,34.0,0.7,1,0,0,0
2025-05-20,Mepe,34.5,13.3,0,0,0,0
2025-05-21,Mepe,31.4,2.3,0,0,0,0
2025-05-22,Mepe,32.5,1.3,0,0,0,0
2025-05-23,Mepe,31.0,16.1,0,0,0,0
2025-05-24,Mepe,32.5,6.9,0,0,0,0
2025-05-25,Mepe,34.2,0.0,1,0,0,0
2025-05-26,Mepe,33.8,0.0,2,0,0,0
2025-05-27,Mepe,33.0,1.2,0,0,0,0
2025-05-28,Mepe,32.8,2.8,0,0,0,0
2025-05-29,Mepe,31.0,6.7,0,0,0,0
2025-05-30,Mepe,30.0,4.7,0,0,0,0
2025-05-31,Mepe,33.0,0.6,1,0,0,0
2025-06-01,Mepe,33.8,0.6,2,0,0,0
2025-06-02,Mepe,31.9,0.4,3,0,0,0
2025-06-03,Mepe,33.4,0.9,4,0,0,0
2025-06-04,Mepe,29.5,9.7,0,0,0,0
2025-06-05,Mepe,32.7,1.2,0,0,0,0
2025-06-06,Mepe,33.0,0.1,1,0,0,0
2025-06-07,Mepe,30.0,1.7,0,0,0,0
2025-06-08,Mepe,31.3,1.1,0,0,0,0
2025-06-09,Mepe,31.5,0.7,1,0,0,0
2025-06-10,Mepe,30.0,5.1,0,0,0,0
2025-06-11,Mepe,31.1,15.2,0,0,0,0
2025-06-12,Mepe,32.0,0.7,1,0,0,0
2025-06-13,Mepe,32.5,1.4,0,0,0,0
2025-06-14,Mepe,28.6,12.5,0,0,0,0
2025-06-15,Mepe,31.7,3.9,0,0,0,0
2025-06-16,Mepe,32.0,1.1,0,0,0,0
2025-06-17,Mepe,32.0,10.1,0,0,0,0
2025-06-18,Mepe,31.6,5.1,0,0,0,0
2025-06-19,Mepe,30.6,4.1,0,0,0,0
2025-06-20,Mepe,31.1,6.4,0,0,0,0
2025-06-21,Mepe,29.5,4.6,0,0,0,0
2025-06-22,Mepe,29.8,9.0,0,0,0,0
2025-06-23,Mepe,30.0,10.0,0,0,0,0
2025-06-24,Mepe,31.5,3.9,0,0,0,0
2025-06-25,Mepe,30.7,2.0,0,0,0,0
2025-06-26,Mepe,31.1,20.7,0,0,0,0
2025-06-27,Mepe,27.2,2.0,0,0,0,0
2025-06-28,Mepe,30.6,0.4,1,0,0,0
2025-06-29,Mepe,30.1,2.8,0,0,0,0
2025-06-30,Mepe,30.0,1.1,0,0,0,0
2025-07-01,Mepe,30.9,0.6,1,0,0,0
2025-07-02,Mepe,32.4,0.0,2,0,0,0
2025-07-03,Mepe,31.1,0.4,3,0,0,0
2025-07-04,Mepe,28.3,4.3,0,0,0,0
2025-07-05,Mepe,30.7,0.7,1,0,0,0
2025-07-06,Mepe,31.0,1.4,0,0,0,0
2025-07-07,Mepe,31.3,3.7,0,0,0,0
2025-07-08,Mepe,28.4,10.0,0,0,0,0
2025-07-09,Mepe,27.8,6.0,0,0,0,0
2025-07-10,Mepe,30.7,0.6,1,0,0,0
2025-07-11,Mepe,31.1,1.0,0,0,0,0
2025-07-12,Mepe,30.0,1.0,0,0,0,0
2025-07-13,Mepe,28.8,0.3,1,0,0,0
2025-07-14,Mepe,30.7,0.0,2,0,0,0
2025-07-15,Mepe,30.9,0.0,3,0,0,0
2025-07-16,Mepe,30.2,0.7,4,0,0,1
2025-07-17,Mepe,29.6,1.1,0,0,0,1
2025-07-18,Mepe,28.1,0.5,1,0,0,1
2025-07-19,Mepe,29.9,0.0,2,0,0,1
2025-07-20,Mepe,29.5,0.9,3,0,0,1
2025-07-21,Mepe,29.1,2.4,0,0,0,0
2025-07-22,Mepe,29.2,0.8,1,0,0,0
2025-07-23,Mepe,29.1,1.6,0,0,0,0
2025-07-24,Mepe,29.1,0.5,1,0,0,0
2025-07-25,Mepe,30.0,0.2,2,0,0,0
2025-07-26,Mepe,29.4,0.3,3,0,0,0
2025-07-27,Mepe,30.3,2.1,0,0,0,0
2025-07-28,Mepe,29.3,0.0,1,0,0,0
2025-07-29,Mepe,29.8,0.5,2,0,0,0
2025-07-30,Mepe,28.7,0.7,3,0,0,1
2025-07-31,Mepe,29.1,0.4,4,0,0,1
2025-08-01,Mepe,29.4,3.1,0,0,0,0
2025-08-02,Mepe,31.5,0.4,1,0,0,0
2025-08-03,Mepe,31.5,3.2,0,0,0,0
2025-08-04,Mepe,29.9,21.1,0,0,0,0
2025-08-05,Mepe,28.5,2.3,0,0,0,0
2025-08-06,Mepe,27.3,2.7,0,0,0,0
2025-08-07,Mepe,28.4,2.6,0,0,0,0
2025-08-08,Mepe,29.2,1.6,0,0,0,0
2025-08-09,Mepe,28.0,1.7,0,0,0,0
2025-08-10,Mepe,28.8,2.2,0,0,0,0
2025-08-11,Mepe,29.0,3.4,0,0,0,0
2025-08-12,Mepe,28.0,1.2,0,0,0,0
2025-08-13,Mepe,28.2,0.6,1,0,0,0
2025-08-14,Mepe,28.6,1.3,0,0,0,0
2025-08-15,Mepe,29.4,1.2,0,0,0,0
2025-08-16,Mepe,28.2,5.1,0,0,0,0
2025-08-17,Mepe,28.6,3.3,0,0,0,0
2025-08-18,Mepe,28.2,2.0,0,0,0,0
2025-08-19,Mepe,28.8,1.0,0,0,0,0
2025-08-20,Mepe,30.2,0.6,1,0,0,0
2025-08-21,Mepe,30.9,1.5,0,0,0,0
2025-08-22,Mepe,29.7,3.2,0,0,0,0
2025-08-23,Mepe,29.6,0.6,1,0,0,0
2025-08-24,Mepe,29.2,0.3,2,0,0,0
2025-08-25,Mepe,30.5,0.0,3,0,0,0
2025-08-26,Mepe,29.8,1.4,0,0,0,0
2025-08-27,Mepe,29.1,0.8,1,0,0,0
2025-08-28,Mepe,30.9,0.4,2,0,0,0
2025-08-29,Mepe,29.9,1.2,0,0,0,1
2025-08-30,Mepe,29.8,0.4,1,0,0,1
2025-08-31,Mepe,30.1,0.7,2,0,0,1
2025-09-01,Mepe,30.0,1.0,0,0,0,0
2025-09-02,Mepe,32.0,0.5,1,0,0,1
2025-09-03,Mepe,30.3,1.5,0,0,0,0
2025-09-04,Mepe,30.4,0.3,1,0,0,0
2025-09-05,Mepe,31.1,0.5,2,0,0,1
2025-09-06,Mepe,32.7,0.2,3,0,0,1
2025-09-07,Mepe,30.5,0.9,4,0,0,1
2025-09-08,Mepe,31.1,1.4,0,0,0,0
2025-09-09,Mepe,30.7,9.8,0,0,0,0
2025-09-10,Mepe,29.8,2.7,0,0,0,0
2025-09-11,Mepe,30.6,2.1,0,0,0,0
2025-09-12,Mepe,29.2,12.7,0,0,0,0
2025-09-13,Mepe,29.1,3.8,0,0,0,0
2025-09-14,Mepe,30.9,1.4,0,0,0,0
2025-09-15,Mepe,30.0,1.8,0,0,0,0
2025-09-16,Mepe,28.4,1.5,0,0,0,0
2025-09-17,Mepe,29.8,1.8,0,0,0,0
2025-09-18,Mepe,30.3,3.5,0,0,0,0
2025-09-19,Mepe,30.5,3.7,0,0,0,0
2025-09-20,Mepe,30.7,5.9,0,0,0,0
2025-09-21,Mepe,30.5,1.2,0,0,0,0
2025-09-22,Mepe,30.5,20.1,0,0,0,0
2025-09-23,Mepe,31.6,2.7,0,0,0,0
2025-09-24,Mepe,29.8,5.5,0,0,0,0
2025-09-25,Mepe,30.7,2.0,0,0,0,0
2025-09-26,Mepe,29.7,1.9,0,0,0,0
2025-09-27,Mepe,30.5,3.5,0,0,0,0
2025-09-28,Mepe,31.5,1.8,0,0,0,0
2025-09-29,Mepe,29.5,0.4,1,0,0,0
2025-09-30,Mepe,31.0,3.0,0,0,0,0
2025-10-01,Mepe,30.2,26.5,0,0,0,0
2025-10-02,Mepe,29.9,3.2,0,0,0,0
2025-10-03,Mepe,31.8,0.7,1,0,0,0
2025-10-04,Mepe,31.4,2.3,0,0,0,0
2025-10-05,Mepe,31.6,9.0,0,0,0,0
2025-10-06,Mepe,30.1,6.2,0,0,0,0
2025-10-07,Mepe,29.9,5.1,0,0,0,0
2025-10-08,Mepe,28.2,2.1,0,0,0,0
2025-10-09,Mepe,30.5,1.1,0,0,0,0
2025-10-10,Mepe,31.9,12.1,0,0,0,0
2025-10-11,Mepe,30.0,13.2,0,0,0,0
2025-10-12,Mepe,30.6,22.8,0,0,0,0
2025-10-13,Mepe,31.5,0.3,1,0,0,0
2025-10-14,Mepe,32.0,2.9,0,0,0,0
2025-10-15,Mepe,29.1,9.9,0,0,0,0
2025-10-16,Mepe,31.2,1.0,0,0,0,0
2025-10-17,Mepe,31.4,1.7,0,0,0,0
2025-10-18,Mepe,31.6,1.6,0,0,0,0
2025-10-19,Mepe,31.6,6.2,0,0,0,0
2025-10-20,Mepe,32.2,0.3,1,0,0,0
2025-10-21,Mepe,33.7,0.2,2,0,0,0
2025-10-22,Mepe,33.7,2.2,0,0,0,0
2025-10-23,Mepe,33.2,4.5,0,0,0,0
2025-10-24,Mepe,33.1,5.0,0,0,0,0
2025-10-25,Mepe,33.2,0.4,1,0,0,0
2025-10-26,Mepe,33.9,6.3,0,0,0,0
2025-10-27,Mepe,32.7,0.7,1,0,0,0
2025-10-28,Mepe,33.4,0.2,2,0,0,0
2025-10-29,Mepe,32.2,3.9,0,0,0,0
2025-10-30,Mepe,32.2,1.3,0,0,0,0
2025-10-31,Mepe,32.8,1.3,0,0,0,0
2025-11-01,Mepe,32.2,0.8,1,0,0,0
2025-11-02,Mepe,33.3,0.2,2,0,0,0
2025-11-03,Mepe,32.0,0.8,3,0,0,0
2025-11-04,Mepe,32.8,2.5,0,0,0,0
2025-11-05,Mepe,33.8,15.9,0,0,0,0
2025-11-06,Mepe,32.2,4.3,0,0,0,0
2025-11-07,Mepe,29.9,1.0,0,0,0,0
2025-11-08,Mepe,33.1,0.5,1,0,0,0
2025-11-09,Mepe,33.0,0.3,2,0,0,0
2025-11-10,Mepe,33.0,0.5,3,0,0,0
2025-11-11,Mepe,33.5,8.0,0,0,0,0
2025-11-12,Mepe,33.5,0.7,1,0,0,0
2025-11-13,Mepe,32.0,0.7,2,0,0,0
2025-11-14,Mepe,32.8,0.9,3,0,0,0
2025-11-15,Mepe,33.0,0.6,4,0,0,0
2025-11-16,Mepe,32.0,1.3,0,0,0,0
2025-11-17,Mepe,31.8,0.3,1,0,0,0
2025-11-18,Mepe,31.9,0.0,2,0,0,1
2025-11-19,Mepe,34.3,1.5,0,0,0,0
2025-11-20,Mepe,33.8,0.1,1,0,0,1
2025-11-21,Mepe,33.9,0.8,2,0,0,1
2025-11-22,Mepe,32.5,0.3,3,0,0,1
2025-11-23,Mepe,32.4,0.7,4,0,0,1
2025-11-24,Mepe,34.5,0.8,5,0,0,1
2025-11-25,Mepe,34.7,0.2,6,0,0,1
2025-11-26,Mepe,34.8,0.4,7,0,0,1
2025-11-27,Mepe,33.7,7.6,0,0,0,0
2025-11-28,Mepe,33.1,0.3,1,0,0,0
2025-11-29,Mepe,32.7,0.3,2,0,0,0
2025-11-30,Mepe,33.4,0.4,3,0,0,0
2025-12-01,Mepe,33.0,1.0,0,0,0,0
2025-12-02,Mepe,35.3,1.6,0,0,1,0
2025-12-03,Mepe,35.5,0.8,1,0,1,0
2025-12-04,Mepe,33.5,0.2,2,0,0,1
2025-12-05,Mepe,31.6,6.9,0,0,0,0
2025-12-06,Mepe,34.5,0.1,1,0,0,0
2025-12-07,Mepe,35.5,0.0,2,0,1,0
2025-12-08,Mepe,33.2,8.9,0,0,0,0
2025-12-09,Mepe,32.1,0.2,1,0,0,0
2025-12-10,Mepe,33.0,1.8,0,0,0,0
2025-12-11,Mepe,32.7,1.7,0,0,0,0
2025-12-12,Mepe,33.2,1.9,0,0,0,0
2025-12-13,Mepe,33.6,0.6,1,0,0,0
2025-12-14,Mepe,32.8,0.0,2,0,0,0
2025-12-15,Mepe,33.2,1.0,0,0,0,0
2025-12-16,Mepe,35.3,0.0,1,0,1,0
2025-12-17,Mepe,33.8,0.0,2,0,0,0
2025-12-18,Mepe,34.3,0.4,3,0,0,1
2025-12-19,Mepe,34.0,4.0,0,0,0,0
2025-12-20,Mepe,34.8,0.2,1,0,0,0
2025-12-21,Mepe,34.6,0.6,2,0,0,0
2025-12-22,Mepe,35.2,0.1,3,0,1,0
2025-12-23,Mepe,34.0,0.5,4,0,0,0
2025-12-24,Mepe,33.2,0.5,5,0,0,0
2025-12-25,Mepe,34.1,0.5,6,0,0,0
2025-12-26,Mepe,32.2,1.5,0,0,0,1
2025-12-27,Mepe,32.1,1.4,0,0,0,0
2025-12-28,Mepe,34.3,0.1,1,0,0,1
2025-12-29,Mepe,33.6,0.6,2,0,0,0
2025-12-30,Mepe,34.2,0.8,3,0,0,0
2025-12-31,Mepe,33.8,1.1,0,0,0,0
2026-01-01,Mepe,34.8,0.7,1,0,0,0
2026-01-02,Mepe,33.7,7.7,0,0,0,0
2026-01-03,Mepe,33.8,0.3,1,0,0,0
2026-01-04,Mepe,33.4,0.2,2,0,0,0
2026-01-05,Mepe,35.3,0.0,3,0,1,0
2026-01-06,Mepe,35.2,0.2,4,0,1,0
2026-01-07,Mepe,34.1,0.5,5,0,0,0
2026-01-08,Mepe,33.4,1.1,0,0,0,0
2026-01-09,Mepe,32.0,0.0,1,0,0,1
2026-01-10,Mepe,34.3,0.0,2,0,0,1
2026-01-11,Mepe,34.2,0.0,3,0,0,1
2026-01-12,Mepe,34.9,1.6,0,0,0,1
2026-01-13,Mepe,35.0,0.1,1,0,1,1
2026-01-14,Mepe,36.0,0.0,2,0,1,1
2026-01-15,Mepe,35.8,0.0,3,0,1,1
2026-01-16,Mepe,35.2,0.0,4,0,1,1
2026-01-17,Mepe,34.1,0.2,5,0,0,1
2026-01-18,Mepe,34.8,1.7,0,0,0,1
2026-01-19,Mepe,35.3,0.5,1,0,1,1
2026-01-20,Mepe,34.7,0.4,2,0,0,1
2026-01-21,Mepe,34.8,0.7,3,0,0,1
2026-01-22,Mepe,35.1,0.1,4,0,1,1
2026-01-23,Mepe,36.4,0.0,5,0,1,1
2026-01-24,Mepe,35.9,0.0,6,0,1,1
2026-01-25,Mepe,36.0,0.0,7,0,1,1
2026-01-26,Mepe,36.2,0.0,8,0,1,1
2026-01-27,Mepe,35.9,0.0,9,0,1,1
2025-01-27,Sogakope,35.0,0.0,1,0,1,0
2025-01-28,Sogakope,34.4,0.3,2,0,0,0
2025-01-29,Sogakope,32.5,2.1,0,0,0,0
2025-01-30,Sogakope,34.5,2.1,0,0,0,0
2025-01-31,Sogakope,34.8,4.0,0,0,0,0
2025-02-01,Sogakope,32.6,1.1,0,0,0,0
2025-02-02,Sogakope,31.9,2.0,0,0,0,0
2025-02-03,Sogakope,34.1,0.3,1,0,0,0
2025-02-04,Sogakope,37.0,0.0,2,0,1,0
2025-02-05,Sogakope,36.8,0.0,3,0,1,0
2025-02-06,Sogakope,34.8,0.6,4,0,0,0
2025-02-07,Sogakope,35.0,2.6,0,0,1,0
2025-02-08,Sogakope,34.0,0.2,1,0,0,0
2025-02-09,Sogakope,33.7,0.9,2,0,0,1
2025-02-10,Sogakope,36.0,0.0,3,0,1,1
2025-02-11,Sogakope,35.2,0.1,4,0,1,1
2025-02-12,Sogakope,33.9,1.6,0,0,0,0
2025-02-13,Sogakope,35.9,0.5,1,0,1,0
2025-02-14,Sogakope,35.7,0.0,2,0,1,1
2025-02-15,Sogakope,35.3,1.0,0,0,1,1
2025-02-16,Sogakope,35.0,1.2,0,0,1,1
2025-02-17,Sogakope,36.2,0.1,1,0,1,1
2025-02-18,Sogakope,35.1,2.6,0,0,1,0
2025-02-19,Sogakope,34.0,0.3,1,0,0,0
2025-02-20,Sogakope,35.8,0.1,2,0,1,0
2025-02-21,Sogakope,35.5,0.3,3,0,1,0
2025-02-22,Sogakope,34.2,13.4,0,0,0,0
2025-02-23,Sogakope,33.0,1.7,0,0,0,0
2025-02-24,Sogakope,35.4,0.4,1,0,1,0
2025-02-25,Sogakope,35.8,0.5,2,0,1,0
2025-02-26,Sogakope,35.7,0.2,3,0,1,0
2025-02-27,Sogakope,35.4,0.8,4,0,1,0
2025-02-28,Sogakope,34.1,0.7,5,0,0,0
2025-03-01,Sogakope,35.0,0.7,6,0,1,1
2025-03-02,Sogakope,35.2,2.0,0,0,1,0
2025-03-03,Sogakope,34.5,0.6,1,0,0,0
2025-03-04,Sogakope,34.8,1.0,0,0,0,0
2025-03-05,Sogakope,33.2,2.4,0,0,0,0
2025-03-06,Sogakope,36.2,0.0,1,0,1,0
2025-03-07,Sogakope,36.4,0.8,2,0,1,0
2025-03-08,Sogakope,35.0,1.2,0,0,1,0
2025-03-09,Sogakope,35.5,1.0,0,0,1,0
2025-03-10,Sogakope,34.5,0.1,1,0,0,0
2025-03-11,Sogakope,36.3,0.7,2,0,1,0
2025-03-12,Sogakope,37.8,0.5,3,0,1,1
2025-03-13,Sogakope,36.9,2.4,0,0,1,0
2025-03-14,Sogakope,34.3,0.0,1,0,0,0
2025-03-15,Sogakope,35.3,1.1,0,0,1,0
2025-03-16,Sogakope,34.8,0.0,1,0,0,1
2025-03-17,Sogakope,34.0,0.6,2,0,0,0
2025-03-18,Sogakope,35.2,1.1,0,0,1,0
2025-03-19,Sogakope,35.5,1.1,0,0,1,0
2025-03-20,Sogakope,35.2,1.8,0,0,1,0
2025-03-21,Sogakope,32.6,1.0,0,0,0,0
2025-03-22,Sogakope,34.8,0.0,1,0,0,0
2025-03-23,Sogakope,34.5,0.8,2,0,0,0
2025-03-24,Sogakope,35.0,0.4,3,0,1,0
2025-03-25,Sogakope,35.5,10.9,0,0,1,0
2025-03-26,Sogakope,33.7,2.9,0,0,0,0
2025-03-27,Sogakope,35.3,0.2,1,0,1,0
2025-03-28,Sogakope,34.3,2.1,0,0,0,0
2025-03-29,Sogakope,34.9,0.4,1,0,0,0
2025-03-30,Sogakope,33.8,9.9,0,0,0,0
2025-03-31,Sogakope,34.2,1.3,0,0,0,0
2025-04-01,Sogakope,34.0,1.7,0,0,0,0
2025-04-02,Sogakope,34.1,10.7,0,0,0,0
2025-04-03,Sogakope,33.0,8.3,0,0,0,0
2025-04-04,Sogakope,34.7,0.0,1,0,0,0
2025-04-05,Sogakope,34.8,2.3,0,0,0,0
2025-04-06,Sogakope,33.8,4.8,0,0,0,0
2025-04-07,Sogakope,33.8,0.3,1,0,0,0
2025-04-08,Sogakope,34.0,0.2,2,0,0,0
2025-04-09,Sogakope,34.1,5.8,0,0,0,0
2025-04-10,Sogakope,34.3,0.5,1,0,0,0
2025-04-11,Sogakope,33.0,0.7,2,0,0,0
2025-04-12,Sogakope,33.4,3.7,0,0,0,0
2025-04-13,Sogakope,34.8,0.0,1,0,0,0
2025-04-14,Sogakope,34.9,1.1,0,0,0,0
2025-04-15,Sogakope,33.4,7.9,0,0,0,0
2025-04-16,Sogakope,35.8,1.6,0,0,1,0
2025-04-17,Sogakope,33.8,3.4,0,0,0,0
2025-04-18,Sogakope,35.0,1.2,0,0,1,0
2025-04-19,Sogakope,33.8,8.3,0,0,0,0
2025-04-20,Sogakope,34.7,0.4,1,0,0,0
2025-04-21,Sogakope,35.2,0.7,2,0,1,0
2025-04-22,Sogakope,35.5,2.9,0,0,1,0
2025-04-23,Sogakope,30.8,18.5,0,0,0,0
2025-04-24,Sogakope,34.9,1.3,0,0,0,0
2025-04-25,Sogakope,34.6,1.5,0,0,0,0
2025-04-26,Sogakope,33.0,8.5,0,0,0,0
2025-04-27,Sogakope,33.0,1.3,0,0,0,0
2025-04-28,Sogakope,34.0,0.0,1,0,0,0
2025-04-29,Sogakope,32.8,15.2,0,0,0,0
2025-04-30,Sogakope,32.3,0.0,1,0,0,0
2025-05-01,Sogakope,32.3,6.6,0,0,0,0
2025-05-02,Sogakope,33.5,0.3,1,0,0,0
2025-05-03,Sogakope,33.5,0.2,2,0,0,0
2025-05-04,Sogakope,33.5,3.7,0,0,0,0
2025-05-05,Sogakope,33.2,1.0,0,0,0,0
2025-05-06,Sogakope,32.8,1.8,0,0,0,0
2025-05-07,Sogakope,34.3,1.9,0,0,0,0
2025-05-08,Sogakope,34.0,8.8,0,0,0,0
2025-05-09,Sogakope,33.0,4.9,0,0,0,0
2025-05-10,Sogakope,33.2,2.7,0,0,0,0
2025-05-11,Sogakope,34.0,1.3,0,0,0,0
2025-05-12,Sogakope,33.0,3.8,0,0,0,0
2025-05-13,Sogakope,33.1,4.8,0,0,0,0
2025-05-14,Sogakope,34.2,0.9,1,0,0,0
2025-05-15,Sogakope,33.2,4.7,0,0,0,0
2025-05-16,Sogakope,34.7,3.6,0,0,0,0
2025-05-17,Sogakope,32.3,8.7,0,0,0,0
2025-05-18,Sogakope,32.2,9.9,0,0,0,0
2025-05-19,Sogakope,34.0,0.4,1,0,0,0
2025-05-20,Sogakope,33.5,9.9,0,0,0,0
2025-05-21,Sogakope,30.6,5.4,0,0,0,0
2025-05-22,Sogakope,31.8,3.7,0,0,0,0
2025-05-23,Sogakope,31.1,6.4,0,0,0,0
2025-05-24,Sogakope,32.0,4.2,0,0,0,0
2025-05-25,Sogakope,33.6,0.1,1,0,0,0
2025-05-26,Sogakope,33.0,0.0,2,0,0,0
2025-05-27,Sogakope,32.2,2.7,0,0,0,0
2025-05-28,Sogakope,31.8,5.4,0,0,0,0
2025-05-29,Sogakope,30.0,10.2,0,0,0,0
2025-05-30,Sogakope,30.0,8.8,0,0,0,0
2025-05-31,Sogakope,32.5,1.0,0,0,0,0
2025-06-01,Sogakope,32.8,1.2,0,0,0,0
2025-06-02,Sogakope,31.9,0.2,1,0,0,0
2025-06-03,Sogakope,32.5,1.3,0,0,0,0
2025-06-04,Sogakope,29.5,11.7,0,0,0,0
2025-06-05,Sogakope,31.4,3.6,0,0,0,0
2025-06-06,Sogakope,32.8,0.5,1,0,0,0
2025-06-07,Sogakope,29.8,3.8,0,0,0,0
2025-06-08,Sogakope,30.8,0.8,1,0,0,0
2025-06-09,Sogakope,31.2,3.0,0,0,0,0
2025-06-10,Sogakope,30.2,4.5,0,0,0,0
2025-06-11,Sogakope,31.0,17.9,0,0,0,0
2025-06-12,Sogakope,32.4,0.4,1,0,0,0
2025-06-13,Sogakope,32.2,2.0,0,0,0,0
2025-06-14,Sogakope,28.6,15.4,0,0,0,0
2025-06-15,Sogakope,31.4,8.8,0,0,0,0
2025-06-16,Sogakope,31.7,0.8,1,0,0,0
2025-06-17,Sogakope,31.9,16.9,0,0,0,0
2025-06-18,Sogakope,32.0,9.7,0,0,0,0
2025-06-19,Sogakope,30.8,1.9,0,0,0,0
2025-06-20,Sogakope,32.0,2.0,0,0,0,0
2025-06-21,Sogakope,29.1,2.9,0,0,0,0
2025-06-22,Sogakope,29.8,15.8,0,0,0,0
2025-06-23,Sogakope,30.2,12.6,0,0,0,0
2025-06-24,Sogakope,30.8,5.0,0,0,0,0
2025-06-25,Sogakope,30.8,0.5,1,0,0,0
2025-06-26,Sogakope,31.1,20.4,0,0,0,0
2025-06-27,Sogakope,27.9,1.1,0,0,0,0
2025-06-28,Sogakope,30.2,0.1,1,0,0,0
2025-06-29,Sogakope,29.8,3.7,0,0,0,0
2025-06-30,Sogakope,30.0,1.0,0,0,0,0
2025-07-01,Sogakope,30.5,2.0,0,0,0,0
2025-07-02,Sogakope,32.0,0.8,1,0,0,0
2025-07-03,Sogakope,30.7,0.9,2,0,0,0
2025-07-04,Sogakope,28.6,2.1,0,0,0,0
2025-07-05,Sogakope,30.8,0.3,1,0,0,0
2025-07-06,Sogakope,31.2,0.8,2,0,0,0
2025-07-07,Sogakope,30.8,2.4,0,0,0,0
2025-07-08,Sogakope,28.2,7.5,0,0,0,0
2025-07-09,Sogakope,27.9,4.1,0,0,0,0
2025-07-10,Sogakope,30.4,0.6,1,0,0,0
2025-07-11,Sogakope,30.8,2.3,0,0,0,0
2025-07-12,Sogakope,30.0,0.5,1,0,0,0
2025-07-13,Sogakope,28.9,0.3,2,0,0,0
2025-07-14,Sogakope,30.4,0.3,3,0,0,0
2025-07-15,Sogakope,31.1,0.0,4,0,0,0
2025-07-16,Sogakope,30.0,0.9,5,0,0,1
2025-07-17,Sogakope,29.4,0.3,6,0,0,1
2025-07-18,Sogakope,28.0,0.2,7,0,0,1
2025-07-19,Sogakope,29.3,0.2,8,0,0,1
2025-07-20,Sogakope,30.0,0.6,9,0,0,1
2025-07-21,Sogakope,29.0,1.7,0,0,0,1
2025-07-22,Sogakope,28.8,1.4,0,0,0,0
2025-07-23,Sogakope,29.1,1.1,0,0,0,0
2025-07-24,Sogakope,28.5,0.3,1,0,0,0
2025-07-25,Sogakope,28.7,0.2,2,0,0,0
2025-07-26,Sogakope,29.2,0.2,3,0,0,0
2025-07-27,Sogakope,29.5,2.2,0,0,0,0
2025-07-28,Sogakope,29.4,0.4,1,0,0,0
2025-07-29,Sogakope,29.4,0.0,2,0,0,1
2025-07-30,Sogakope,28.1,0.5,3,0,0,1
2025-07-31,Sogakope,29.4,0.1,4,0,0,1
2025-08-01,Sogakope,29.5,2.1,0,0,0,0
2025-08-02,Sogakope,31.3,1.3,0,0,0,0
2025-08-03,Sogakope,30.5,1.3,0,0,0,0
2025-08-04,Sogakope,29.8,9.4,0,0,0,0
2025-08-05,Sogakope,28.6,2.0,0,0,0,0
2025-08-06,Sogakope,27.2,1.6,0,0,0,0
2025-08-07,Sogakope,28.1,1.5,0,0,0,0
2025-08-08,Sogakope,28.6,2.0,0,0,0,0
2025-08-09,Sogakope,28.2,1.6,0,0,0,0
2025-08-10,Sogakope,28.6,1.8,0,0,0,0
2025-08-11,Sogakope,29.0,1.9,0,0,0,0
2025-08-12,Sogakope,28.5,3.6,0,0,0,0
2025-08-13,Sogakope,28.4,0.6,1,0,0,0
2025-08-14,Sogakope,29.0,1.7,0,0,0,0
2025-08-15,Sogakope,29.4,0.3,1,0,0,0
2025-08-16,Sogakope,27.9,4.2,0,0,0,0
2025-08-17,Sogakope,28.6,1.5,0,0,0,0
2025-08-18,Sogakope,28.5,1.4,0,0,0,0
2025-08-19,Sogakope,28.5,0.9,1,0,0,0
2025-08-20,Sogakope,29.3,0.6,2,0,0,0
2025-08-21,Sogakope,30.4,1.2,0,0,0,0
2025-08-22,Sogakope,29.8,5.7,0,0,0,0
2025-08-23,Sogakope,29.9,0.6,1,0,0,0
2025-08-24,Sogakope,29.0,0.2,2,0,0,0
2025-08-25,Sogakope,30.7,0.0,3,0,0,0
2025-08-26,Sogakope,29.6,1.3,0,0,0,0
2025-08-27,Sogakope,29.0,1.0,0,0,0,0
2025-08-28,Sogakope,30.0,1.4,0,0,0,0
2025-08-29,Sogakope,29.4,1.3,0,0,0,0
2025-08-30,Sogakope,29.9,0.5,1,0,0,0
2025-08-31,Sogakope,29.8,0.8,2,0,0,0
2025-09-01,Sogakope,29.7,0.8,3,0,0,0
2025-09-02,Sogakope,31.6,0.1,4,0,0,0
2025-09-03,Sogakope,30.5,0.4,5,0,0,0
2025-09-04,Sogakope,30.0,0.7,6,0,0,1
2025-09-05,Sogakope,30.7,0.7,7,0,0,1
2025-09-06,Sogakope,32.2,0.5,8,0,0,1
2025-09-07,Sogakope,30.6,1.0,0,0,0,1
2025-09-08,Sogakope,31.2,1.0,0,0,0,1
2025-09-09,Sogakope,30.5,9.2,0,0,0,0
2025-09-10,Sogakope,29.6,1.6,0,0,0,0
2025-09-11,Sogakope,30.5,2.8,0,0,0,0
2025-09-12,Sogakope,28.9,12.4,0,0,0,0
2025-09-13,Sogakope,30.0,4.0,0,0,0,0
2025-09-14,Sogakope,30.4,0.9,1,0,0,0
2025-09-15,Sogakope,30.1,2.9,0,0,0,0
2025-09-16,Sogakope,28.5,7.4,0,0,0,0
2025-09-17,Sogakope,30.2,1.9,0,0,0,0
2025-09-18,Sogakope,30.8,3.0,0,0,0,0
2025-09-19,Sogakope,30.1,3.0,0,0,0,0
2025-09-20,Sogakope,30.2,2.3,0,0,0,0
2025-09-21,Sogakope,30.0,1.2,0,0,0,0
2025-09-22,Sogakope,30.8,30.2,0,1,0,0
2025-09-23,Sogakope,30.9,0.9,1,0,0,0
2025-09-24,Sogakope,30.1,5.4,0,0,0,0
2025-09-25,Sogakope,30.9,1.7,0,0,0,0
2025-09-26,Sogakope,29.8,1.4,0,0,0,0
2025-09-27,Sogakope,30.3,1.8,0,0,0,0
2025-09-28,Sogakope,31.5,2.2,0,0,0,0
2025-09-29,Sogakope,29.9,2.0,0,0,0,0
2025-09-30,Sogakope,31.4,5.9,0,0,0,0
2025-10-01,Sogakope,30.8,29.5,0,0,0,0
2025-10-02,Sogakope,29.4,2.5,0,0,0,0
2025-10-03,Sogakope,31.2,1.2,0,0,0,0
2025-10-04,Sogakope,30.9,2.3,0,0,0,0
2025-10-05,Sogakope,30.6,8.2,0,0,0,0
2025-10-06,Sogakope,30.0,8.0,0,0,0,0
2025-10-07,Sogakope,30.9,3.6,0,0,0,0
2025-10-08,Sogakope,28.6,2.2,0,0,0,0
2025-10-09,Sogakope,30.2,0.9,1,0,0,0
2025-10-10,Sogakope,31.4,6.9,0,0,0,0
2025-10-11,Sogakope,30.6,12.4,0,0,0,0
2025-10-12,Sogakope,31.4,19.7,0,0,0,0
2025-10-13,Sogakope,31.9,0.5,1,0,0,0
2025-10-14,Sogakope,32.4,1.5,0,0,0,0
2025-10-15,Sogakope,29.5,13.6,0,0,0,0
2025-10-16,Sogakope,31.0,0.8,1,0,0,0
2025-10-17,Sogakope,31.5,0.8,2,0,0,0
2025-10-18,Sogakope,31.6,5.2,0,0,0,0
2025-10-19,Sogakope,31.6,10.9,0,0,0,0
2025-10-20,Sogakope,32.7,0.6,1,0,0,0
2025-10-21,Sogakope,34.0,1.1,0,0,0,0
2025-10-22,Sogakope,33.8,1.3,0,0,0,0
2025-10-23,Sogakope,34.0,11.6,0,0,0,0
2025-10-24,Sogakope,31.9,3.7,0,0,0,0
2025-10-25,Sogakope,32.9,0.5,1,0,0,0
2025-10-26,Sogakope,33.7,7.1,0,0,0,0
2025-10-27,Sogakope,32.1,0.9,1,0,0,0
2025-10-28,Sogakope,33.0,2.1,0,0,0,0
2025-10-29,Sogakope,31.8,5.2,0,0,0,0
2025-10-30,Sogakope,32.2,1.3,0,0,0,0
2025-10-31,Sogakope,32.2,1.5,0,0,0,0
2025-11-01,Sogakope,31.8,2.2,0,0,0,0
2025-11-02,Sogakope,32.5,0.3,1,0,0,0
2025-11-03,Sogakope,32.0,0.9,2,0,0,0
2025-11-04,Sogakope,31.4,1.8,0,0,0,0
2025-11-05,Sogakope,32.2,23.0,0,0,0,0
2025-11-06,Sogakope,31.6,6.7,0,0,0,0
2025-11-07,Sogakope,29.8,1.8,0,0,0,0
2025-11-08,Sogakope,32.5,0.7,1,0,0,0
2025-11-09,Sogakope,32.6,0.5,2,0,0,0
2025-11-10,Sogakope,32.5,0.6,3,0,0,0
2025-11-11,Sogakope,32.8,3.9,0,0,0,0
2025-11-12,Sogakope,32.7,0.8,1,0,0,0
2025-11-13,Sogakope,31.6,0.6,2,0,0,0
2025-11-14,Sogakope,32.0,1.1,0,0,0,0
2025-11-15,Sogakope,32.8,1.0,0,0,0,0
2025-11-16,Sogakope,31.9,1.5,0,0,0,0
2025-11-17,Sogakope,31.5,0.6,1,0,0,0
2025-11-18,Sogakope,32.0,0.4,2,0,0,0
2025-11-19,Sogakope,33.0,1.9,0,0,0,0
2025-11-20,Sogakope,33.8,0.8,1,0,0,0
2025-11-21,Sogakope,33.7,0.9,2,0,0,0
2025-11-22,Sogakope,32.5,0.1,3,0,0,0
2025-11-23,Sogakope,32.1,1.3,0,0,0,0
2025-11-24,Sogakope,33.5,1.1,0,0,0,0
2025-11-25,Sogakope,33.5,2.1,0,0,0,0
2025-11-26,Sogakope,34.0,2.2,0,0,0,0
2025-11-27,Sogakope,32.1,10.6,0,0,0,0
2025-11-28,Sogakope,32.8,0.5,1,0,0,0
2025-11-29,Sogakope,32.0,0.4,2,0,0,0
2025-11-30,Sogakope,32.8,1.2,0,0,0,0
2025-12-01,Sogakope,32.6,0.6,1,0,0,0
2025-12-02,Sogakope,34.8,0.6,2,0,0,0
2025-12-03,Sogakope,35.0,1.1,0,0,1,0
2025-12-04,Sogakope,34.1,0.1,1,0,0,1
2025-12-05,Sogakope,31.2,2.8,0,0,0,0
2025-12-06,Sogakope,33.5,2.1,0,0,0,0
2025-12-07,Sogakope,35.0,0.3,1,0,1,0
2025-12-08,Sogakope,32.9,6.2,0,0,0,0
2025-12-09,Sogakope,31.7,0.6,1,0,0,0
2025-12-10,Sogakope,32.5,2.0,0,0,0,0
2025-12-11,Sogakope,31.9,7.5,0,0,0,0
2025-12-12,Sogakope,32.6,1.4,0,0,0,0
2025-12-13,Sogakope,32.8,0.3,1,0,0,0
2025-12-14,Sogakope,32.5,0.0,2,0,0,0
2025-12-15,Sogakope,33.3,0.8,3,0,0,0
2025-12-16,Sogakope,35.0,0.1,4,0,1,0
2025-12-17,Sogakope,33.2,0.1,5,0,0,0
2025-12-18,Sogakope,33.9,0.8,6,0,0,1
2025-12-19,Sogakope,33.4,2.6,0,0,0,1
2025-12-20,Sogakope,34.7,0.1,1,0,0,1
2025-12-21,Sogakope,33.9,0.7,2,0,0,0
2025-12-22,Sogakope,34.3,0.8,3,0,0,0
2025-12-23,Sogakope,33.6,0.7,4,0,0,0
2025-12-24,Sogakope,33.2,0.3,5,0,0,0
2025-12-25,Sogakope,33.3,1.4,0,0,0,0
2025-12-26,Sogakope,32.4,2.5,0,0,0,0
2025-12-27,Sogakope,31.9,3.5,0,0,0,0
2025-12-28,Sogakope,34.2,0.4,1,0,0,0
2025-12-29,Sogakope,33.4,0.5,2,0,0,0
2025-12-30,Sogakope,33.6,0.5,3,0,0,0
2025-12-31,Sogakope,33.3,0.7,4,0,0,0
2026-01-01,Sogakope,34.3,0.1,5,0,0,0
2026-01-02,Sogakope,33.5,3.1,0,0,0,0
2026-01-03,Sogakope,33.2,1.6,0,0,0,0
2026-01-04,Sogakope,32.9,0.7,1,0,0,0
2026-01-05,Sogakope,34.3,0.0,2,0,0,0
2026-01-06,Sogakope,34.7,0.3,3,0,0,0
2026-01-07,Sogakope,34.1,0.2,4,0,0,0
2026-01-08,Sogakope,32.8,0.4,5,0,0,0
2026-01-09,Sogakope,31.6,0.5,6,0,0,1
2026-01-10,Sogakope,34.3,0.0,7,0,0,1
2026-01-11,Sogakope,33.5,0.3,8,0,0,1
2026-01-12,Sogakope,34.3,1.2,0,0,0,1
2026-01-13,Sogakope,33.8,0.2,1,0,0,1
2026-01-14,Sogakope,36.0,0.0,2,0,1,1
2026-01-15,Sogakope,35.0,0.0,3,0,1,1
2026-01-16,Sogakope,34.0,0.1,4,0,0,1
2026-01-17,Sogakope,33.5,1.3,0,0,0,1
2026-01-18,Sogakope,34.2,0.8,1,0,0,1
2026-01-19,Sogakope,35.0,0.6,2,0,1,1
2026-01-20,Sogakope,34.3,2.2,0,0,0,1
2026-01-21,Sogakope,35.0,0.1,1,0,1,0
2026-01-22,Sogakope,34.7,1.0,0,0,0,0
2026-01-23,Sogakope,36.1,0.0,1,0,1,0
2026-01-24,Sogakope,35.8,0.0,2,0,1,1
2026-01-25,Sogakope,36.3,0.0,3,0,1,1
2026-01-26,Sogakope,35.8,0.0,4,0,1,1
2026-01-27,Sogakope,35.3,0.0,5,0,1,1
